[2026-09-05 11:18:22] local.ERROR: Route [dashboard.data] not defined. (View: F:\My Projects\advanced-analytics-dashboard-laravel12\laravel12-analytics-dashboard\resources\views\dashboard\index.blade.php) {"userId":1,"exception":"[object] (Illuminate\\View\\ViewException(code: 0): Route [dashboard.data] not defined. (View: F:\\My Projects\\advanced-analytics-dashboard-laravel12\\laravel12-analytics-dashboard\\resources\\views\\dashboard\\index.blade.php) at F:/My Projects/advanced-analytics-dashboard-laravel12/laravel12-analytics-dashboard/vendor/laravel/framework/src/Illuminate/Routing/UrlGenerator.php:536)
[stacktrace]
#0 F:/My Projects/advanced-analytics-dashboard-laravel12/laravel12-analytics-dashboard/vendor/laravel/framework/src/Illuminate/View/Engines/PhpEngine.php(59): Illuminate/View/Engines/CompilerEngine->handleViewException(Object(Symfony/Component/Routing/Exception/RouteNotFoundException), 1)
#1 F:/My Projects/advanced-analytics-dashboard-laravel12/laravel12-analytics-dashboard/vendor/laravel/framework/src/Illuminate/View/Engines/CompilerEngine.php(76): Illuminate/View/Engines/PhpEngine->evaluatePath('F://My Projects//...', Array)
#2 F:/My Projects/advanced-analytics-dashboard-laravel12/laravel12-analytics-dashboard/vendor/laravel/framework/src/Illuminate/View/View.php(208): Illuminate/View/Engines/CompilerEngine->get('F://My Projects//...', Array)
#3 F:/My Projects/advanced-analytics-dashboard-laravel12/laravel12-analytics-dashboard/vendor/laravel/framework/src/Illuminate/View/View.php(191): Illuminate/View/View->getContents()
#4 F:/My Projects/advanced-analytics-dashboard-laravel12/laravel12-analytics-dashboard/vendor/laravel/framework/src/Illuminate/View/View.php(160): Illuminate/View/View->renderContents()
#5 F:/My Projects/advanced-analytics-dashboard-laravel12/laravel12-analytics-dashboard/vendor/laravel/framework/src/Illuminate/Http/Response.php(78): Illuminate/View/View->render()
#6 F:/My Projects/advanced-analytics-dashboard-laravel12/laravel12-analytics-dashboard/vendor/laravel/framework/src/Illuminate/Http/Response.php(34): Illuminate/Http/Response->setContent(Object(Illuminate/View/View))
#7 F:/My Projects/advanced-analytics-dashboard-laravel12/laravel12-analytics-dashboard/vendor/laravel/framework/src/Illuminate/Routing/Router.php(939): Illuminate/Http/Response->__construct(Object(Illuminate/View/View), 200, Array)
#8 F:/My Projects/advanced-analytics-dashboard-laravel12/laravel12-analytics-dashboard/vendor/laravel/framework/src/Illuminate/Routing/Router.php(906): Illuminate/Routing/Router::toResponse(Object(Illuminate/Http/Request), Object(Illuminate/View/View))
#9 F:/My Projects/advanced-analytics-dashboard-laravel12/laravel12-analytics-dashboard/vendor/laravel/framework/src/Illuminate/Routing/Router.php(821): Illuminate/Routing/Router->prepareResponse(Object(Illuminate/Http/Request), Object(Illuminate/View/View))
#10 F:/My Projects/advanced-analytics-dashboard-laravel12/laravel12-analytics-dashboard/vendor/laravel/framework/src/Illuminate/Pipeline/Pipeline.php(180): Illuminate/Routing/Router->Illuminate/Routing/{closure}(Object(Illuminate/Http/Request))
#11 F:/My Projects/advanced-analytics-dashboard-laravel12/laravel12-analytics-dashboard/vendor/laravel/framework/src/Illuminate/Routing/Middleware/SubstituteBindings.php(50): Illuminate/Pipeline/Pipeline->Illuminate/Pipeline/{closure}(Object(Illuminate/Http/Request))
#12 F:/My Projects/advanced-analytics-dashboard-laravel12/laravel12-analytics-dashboard/vendor/laravel/framework/src/Illuminate/Pipeline/Pipeline.php(219): Illuminate/Routing/Middleware/SubstituteBindings->handle(Object(Illuminate/Http/Request), Object(Closure))
#13 F:/My Projects/advanced-analytics-dashboard-laravel12/laravel12-analytics-dashboard/vendor/laravel/framework/src/Illuminate/Auth/Middleware/Authenticate.php(63): Illuminate/Pipeline/Pipeline->Illuminate/Pipeline/{closure}(Object(Illuminate/Http/Request))
#14 F:/My Projects/advanced-analytics-dashboard-laravel12/laravel12-analytics-dashboard/vendor/laravel/framework/src/Illuminate/Pipeline/Pipeline.php(219): Illuminate/Auth/Middleware/Authenticate->handle(Object(Illuminate/Http/Request), Object(Closure))
#15 F:/My Projects/advanced-analytics-dashboard-laravel12/laravel12-analytics-dashboard/vendor/laravel/framework/src/Illuminate/Foundation/Http/Middleware/VerifyCsrfToken.php(87): Illuminate/Pipeline/Pipeline->Illuminate/Pipeline/{closure}(Object(Illuminate/Http/Request))
#16 F:/My Projects/advanced-analytics-dashboard-laravel12/laravel12-analytics-dashboard/vendor/laravel/framework/src/Illuminate/Pipeline/Pipeline.php(219): Illuminate/Foundation/Http/Middleware/VerifyCsrfToken->handle(Object(Illuminate/Http/Request), Object(Closure))
#17 F:/My Projects/advanced-analytics-dashboard-laravel12/laravel12-analytics-dashboard/vendor/laravel/framework/src/Illuminate/View/Middleware/ShareErrorsFromSession.php(48): Illuminate/Pipeline/Pipeline->Illuminate/Pipeline/{closure}(Object(Illuminate/Http/Request))
#18 F:/My Projects/advanced-analytics-dashboard-laravel12/laravel12-analytics-dashboard/vendor/laravel/framework/src/Illuminate/Pipeline/Pipeline.php(219): Illuminate/View/Middleware/ShareErrorsFromSession->handle(Object(Illuminate/Http/Request), Object(Closure))
#19 F:/My Projects/advanced-analytics-dashboard-laravel12/laravel12-analytics-dashboard/vendor/laravel/framework/src/Illuminate/Session/Middleware/StartSession.php(120): Illuminate/Pipeline/Pipeline->Illuminate/Pipeline/{closure}(Object(Illuminate/Http/Request))
#20 F:/My Projects/advanced-analytics-dashboard-laravel12/laravel12-analytics-dashboard/vendor/laravel/framework/src/Illuminate/Session/Middleware/StartSession.php(63): Illuminate/Session/Middleware/StartSession->handleStatefulRequest(Object(Illuminate/Http/Request), Object(Illuminate/Session/Store), Object(Closure))
#21 F:/My Projects/advanced-analytics-dashboard-laravel12/laravel12-analytics-dashboard/vendor/laravel/framework/src/Illuminate/Pipeline/Pipeline.php(219): Illuminate/Session/Middleware/StartSession->handle(Object(Illuminate/Http/Request), Object(Closure))
#22 F:/My Projects/advanced-analytics-dashboard-laravel12/laravel12-analytics-dashboard/vendor/laravel/framework/src/Illuminate/Cookie/Middleware/AddQueuedCookiesToResponse.php(36): Illuminate/Pipeline/Pipeline->Illuminate/Pipeline/{closure}(Object(Illuminate/Http/Request))
#23 F:/My Projects/advanced-analytics-dashboard-laravel12/laravel12-analytics-dashboard/vendor/laravel/framework/src/Illuminate/Pipeline/Pipeline.php(219): Illuminate/Cookie/Middleware/AddQueuedCookiesToResponse->handle(Object(Illuminate/Http/Request), Object(Closure))
#24 F:/My Projects/advanced-analytics-dashboard-laravel12/laravel12-analytics-dashboard/vendor/laravel/framework/src/Illuminate/Cookie/Middleware/EncryptCookies.php(74): Illuminate/Pipeline/Pipeline->Illuminate/Pipeline/{closure}(Object(Illuminate/Http/Request))
#25 F:/My Projects/advanced-analytics-dashboard-laravel12/laravel12-analytics-dashboard/vendor/laravel/framework/src/Illuminate/Pipeline/Pipeline.php(219): Illuminate/Cookie/Middleware/EncryptCookies->handle(Object(Illuminate/Http/Request), Object(Closure))
#26 F:/My Projects/advanced-analytics-dashboard-laravel12/laravel12-analytics-dashboard/vendor/laravel/framework/src/Illuminate/Pipeline/Pipeline.php(137): Illuminate/Pipeline/Pipeline->Illuminate/Pipeline/{closure}(Object(Illuminate/Http/Request))
#27 F:/My Projects/advanced-analytics-dashboard-laravel12/laravel12-analytics-dashboard/vendor/laravel/framework/src/Illuminate/Routing/Router.php(821): Illuminate/Pipeline/Pipeline->then(Object(Closure))
#28 F:/My Projects/advanced-analytics-dashboard-laravel12/laravel12-analytics-dashboard/vendor/laravel/framework/src/Illuminate/Routing/Router.php(800): Illuminate/Routing/Router->runRouteWithinStack(Object(Illuminate/Routing/Route), Object(Illuminate/Http/Request))
#29 F:/My Projects/advanced-analytics-dashboard-laravel12/laravel12-analytics-dashboard/vendor/laravel/framework/src/Illuminate/Routing/Router.php(764): Illuminate/Routing/Router->runRoute(Object(Illuminate/Http/Request), Object(Illuminate/Routing/Route))
#30 F:/My Projects/advanced-analytics-dashboard-laravel12/laravel12-analytics-dashboard/vendor/laravel/framework/src/Illuminate/Routing/Router.php(753): Illuminate/Routing/Router->dispatchToRoute(Object(Illuminate/Http/Request))
#31 F:/My Projects/advanced-analytics-dashboard-laravel12/laravel12-analytics-dashboard/vendor/laravel/framework/src/Illuminate/Foundation/Http/Kernel.php(200): Illuminate/Routing/Router->dispatch(Object(Illuminate/Http/Request))
#32 F:/My Projects/advanced-analytics-dashboard-laravel12/laravel12-analytics-dashboard/vendor/laravel/framework/src/Illuminate/Pipeline/Pipeline.php(180): Illuminate/Foundation/Http/Kernel->Illuminate/Foundation/Http/{closure}(Object(Illuminate/Http/Request))
#33 F:/My Projects/advanced-analytics-dashboard-laravel12/laravel12-analytics-dashboard/vendor/laravel/framework/src/Illuminate/Foundation/Http/Middleware/TransformsRequest.php(21): Illuminate/Pipeline/Pipeline->Illuminate/Pipeline/{closure}(Object(Illuminate/Http/Request))
#34 F:/My Projects/advanced-analytics-dashboard-laravel12/laravel12-analytics-dashboard/vendor/laravel/framework/src/Illuminate/Foundation/Http/Middleware/ConvertEmptyStringsToNull.php(31): Illuminate/Foundation/Http/Middleware/TransformsRequest->handle(Object(Illuminate/Http/Request), Object(Closure))
#35 F:/My Projects/advanced-analytics-dashboard-laravel12/laravel12-analytics-dashboard/vendor/laravel/framework/src/Illuminate/Pipeline/Pipeline.php(219): Illuminate/Foundation/Http/Middleware/ConvertEmptyStringsToNull->handle(Object(Illuminate/Http/Request), Object(Closure))
#36 F:/My Projects/advanced-analytics-dashboard-laravel12/laravel12-analytics-dashboard/vendor/laravel/framework/src/Illuminate/Foundation/Http/Middleware/TransformsRequest.php(21): Illuminate/Pipeline/Pipeline->Illuminate/Pipeline/{closure}(Object(Illuminate/Http/Request))
#37 F:/My Projects/advanced-analytics-dashboard-laravel12/laravel12-analytics-dashboard/vendor/laravel/framework/src/Illuminate/Foundation/Http/Middleware/TrimStrings.php(51): Illuminate/Foundation/Http/Middleware/TransformsRequest->handle(Object(Illuminate/Http/Request), Object(Closure))
#38 F:/My Projects/advanced-analytics-dashboard-laravel12/laravel12-analytics-dashboard/vendor/laravel/framework/src/Illuminate/Pipeline/Pipeline.php(219): Illuminate/Foundation/Http/Middleware/TrimStrings->handle(Object(Illuminate/Http/Request), Object(Closure))
#39 F:/My Projects/advanced-analytics-dashboard-laravel12/laravel12-analytics-dashboard/vendor/laravel/framework/src/Illuminate/Http/Middleware/ValidatePostSize.php(27): Illuminate/Pipeline/Pipeline->Illuminate/Pipeline/{closure}(Object(Illuminate/Http/Request))
#40 F:/My Projects/advanced-analytics-dashboard-laravel12/laravel12-analytics-dashboard/vendor/laravel/framework/src/Illuminate/Pipeline/Pipeline.php(219): Illuminate/Http/Middleware/ValidatePostSize->handle(Object(Illuminate/Http/Request), Object(Closure))
#41 F:/My Projects/advanced-analytics-dashboard-laravel12/laravel12-analytics-dashboard/vendor/laravel/framework/src/Illuminate/Foundation/Http/Middleware/PreventRequestsDuringMaintenance.php(109): Illuminate/Pipeline/Pipeline->Illuminate/Pipeline/{closure}(Object(Illuminate/Http/Request))
#42 F:/My Projects/advanced-analytics-dashboard-laravel12/laravel12-analytics-dashboard/vendor/laravel/framework/src/Illuminate/Pipeline/Pipeline.php(219): Illuminate/Foundation/Http/Middleware/PreventRequestsDuringMaintenance->handle(Object(Illuminate/Http/Request), Object(Closure))
#43 F:/My Projects/advanced-analytics-dashboard-laravel12/laravel12-analytics-dashboard/vendor/laravel/framework/src/Illuminate/Http/Middleware/HandleCors.php(61): Illuminate/Pipeline/Pipeline->Illuminate/Pipeline/{closure}(Object(Illuminate/Http/Request))
#44 F:/My Projects/advanced-analytics-dashboard-laravel12/laravel12-analytics-dashboard/vendor/laravel/framework/src/Illuminate/Pipeline/Pipeline.php(219): Illuminate/Http/Middleware/HandleCors->handle(Object(Illuminate/Http/Request), Object(Closure))
#45 F:/My Projects/advanced-analytics-dashboard-laravel12/laravel12-analytics-dashboard/vendor/laravel/framework/src/Illuminate/Http/Middleware/TrustProxies.php(58): Illuminate/Pipeline/Pipeline->Illuminate/Pipeline/{closure}(Object(Illuminate/Http/Request))
#46 F:/My Projects/advanced-analytics-dashboard-laravel12/laravel12-analytics-dashboard/vendor/laravel/framework/src/Illuminate/Pipeline/Pipeline.php(219): Illuminate/Http/Middleware/TrustProxies->handle(Object(Illuminate/Http/Request), Object(Closure))
#47 F:/My Projects/advanced-analytics-dashboard-laravel12/laravel12-analytics-dashboard/vendor/laravel/framework/src/Illuminate/Foundation/Http/Middleware/InvokeDeferredCallbacks.php(22): Illuminate/Pipeline/Pipeline->Illuminate/Pipeline/{closure}(Object(Illuminate/Http/Request))
#48 F:/My Projects/advanced-analytics-dashboard-laravel12/laravel12-analytics-dashboard/vendor/laravel/framework/src/Illuminate/Pipeline/Pipeline.php(219): Illuminate/Foundation/Http/Middleware/InvokeDeferredCallbacks->handle(Object(Illuminate/Http/Request), Object(Closure))
#49 F:/My Projects/advanced-analytics-dashboard-laravel12/laravel12-analytics-dashboard/vendor/laravel/framework/src/Illuminate/Http/Middleware/ValidatePathEncoding.php(26): Illuminate/Pipeline/Pipeline->Illuminate/Pipeline/{closure}(Object(Illuminate/Http/Request))
#50 F:/My Projects/advanced-analytics-dashboard-laravel12/laravel12-analytics-dashboard/vendor/laravel/framework/src/Illuminate/Pipeline/Pipeline.php(219): Illuminate/Http/Middleware/ValidatePathEncoding->handle(Object(Illuminate/Http/Request), Object(Closure))
#51 F:/My Projects/advanced-analytics-dashboard-laravel12/laravel12-analytics-dashboard/vendor/laravel/framework/src/Illuminate/Pipeline/Pipeline.php(137): Illuminate/Pipeline/Pipeline->Illuminate/Pipeline/{closure}(Object(Illuminate/Http/Request))
#52 F:/My Projects/advanced-analytics-dashboard-laravel12/laravel12-analytics-dashboard/vendor/laravel/framework/src/Illuminate/Foundation/Http/Kernel.php(175): Illuminate/Pipeline/Pipeline->then(Object(Closure))
#53 F:/My Projects/advanced-analytics-dashboard-laravel12/laravel12-analytics-dashboard/vendor/laravel/framework/src/Illuminate/Foundation/Http/Kernel.php(144): Illuminate/Foundation/Http/Kernel->sendRequestThroughRouter(Object(Illuminate/Http/Request))
#54 F:/My Projects/advanced-analytics-dashboard-laravel12/laravel12-analytics-dashboard/vendor/laravel/framework/src/Illuminate/Foundation/Application.php(1220): Illuminate/Foundation/Http/Kernel->handle(Object(Illuminate/Http/Request))
#55 F:/My Projects/advanced-analytics-dashboard-laravel12/laravel12-analytics-dashboard/public/index.php(6): Illuminate/Foundation/Application->handleRequest(Object(Illuminate/Http/Request))
#56 F:/My Projects/advanced-analytics-dashboard-laravel12/laravel12-analytics-dashboard/vendor/laravel/framework/src/Illuminate/Foundation/resources/server.php(23): require_once('F://My Projects//...')
#57 {main}

[previous exception] [object] (Symfony\\Component\\Routing\\Exception\\RouteNotFoundException(code: 0): Route [dashboard.data] not defined. at F:/My Projects/advanced-analytics-dashboard-laravel12/laravel12-analytics-dashboard/vendor/laravel/framework/src/Illuminate/Routing/UrlGenerator.php:536)
[stacktrace]
#0 F:/My Projects/advanced-analytics-dashboard-laravel12/laravel12-analytics-dashboard/vendor/laravel/framework/src/Illuminate/Foundation/helpers.php(870): Illuminate/Routing/UrlGenerator->route('dashboard.data', Array, true)
#1 F:/My Projects/advanced-analytics-dashboard-laravel12/laravel12-analytics-dashboard/storage/framework/views/cfad614c3f528da7971831eef5227925.php(37): route('dashboard.data')
#2 F:/My Projects/advanced-analytics-dashboard-laravel12/laravel12-analytics-dashboard/vendor/laravel/framework/src/Illuminate/Filesystem/Filesystem.php(123): require('F://My Projects//...')
#3 F:/My Projects/advanced-analytics-dashboard-laravel12/laravel12-analytics-dashboard/vendor/laravel/framework/src/Illuminate/Filesystem/Filesystem.php(124): Illuminate/Filesystem/Filesystem::Illuminate/Filesystem/{closure}()
#4 F:/My Projects/advanced-analytics-dashboard-laravel12/laravel12-analytics-dashboard/vendor/laravel/framework/src/Illuminate/View/Engines/PhpEngine.php(57): Illuminate/Filesystem/Filesystem->getRequire('F://My Projects//...', Array)
#5 F:/My Projects/advanced-analytics-dashboard-laravel12/laravel12-analytics-dashboard/vendor/laravel/framework/src/Illuminate/View/Engines/CompilerEngine.php(76): Illuminate/View/Engines/PhpEngine->evaluatePath('F://My Projects//...', Array)
#6 F:/My Projects/advanced-analytics-dashboard-laravel12/laravel12-analytics-dashboard/vendor/laravel/framework/src/Illuminate/View/View.php(208): Illuminate/View/Engines/CompilerEngine->get('F://My Projects//...', Array)
#7 F:/My Projects/advanced-analytics-dashboard-laravel12/laravel12-analytics-dashboard/vendor/laravel/framework/src/Illuminate/View/View.php(191): Illuminate/View/View->getContents()
#8 F:/My Projects/advanced-analytics-dashboard-laravel12/laravel12-analytics-dashboard/vendor/laravel/framework/src/Illuminate/View/View.php(160): Illuminate/View/View->renderContents()
#9 F:/My Projects/advanced-analytics-dashboard-laravel12/laravel12-analytics-dashboard/vendor/laravel/framework/src/Illuminate/Http/Response.php(78): Illuminate/View/View->render()
#10 F:/My Projects/advanced-analytics-dashboard-laravel12/laravel12-analytics-dashboard/vendor/laravel/framework/src/Illuminate/Http/Response.php(34): Illuminate/Http/Response->setContent(Object(Illuminate/View/View))
#11 F:/My Projects/advanced-analytics-dashboard-laravel12/laravel12-analytics-dashboard/vendor/laravel/framework/src/Illuminate/Routing/Router.php(939): Illuminate/Http/Response->__construct(Object(Illuminate/View/View), 200, Array)
#12 F:/My Projects/advanced-analytics-dashboard-laravel12/laravel12-analytics-dashboard/vendor/laravel/framework/src/Illuminate/Routing/Router.php(906): Illuminate/Routing/Router::toResponse(Object(Illuminate/Http/Request), Object(Illuminate/View/View))
#13 F:/My Projects/advanced-analytics-dashboard-laravel12/laravel12-analytics-dashboard/vendor/laravel/framework/src/Illuminate/Routing/Router.php(821): Illuminate/Routing/Router->prepareResponse(Object(Illuminate/Http/Request), Object(Illuminate/View/View))
#14 F:/My Projects/advanced-analytics-dashboard-laravel12/laravel12-analytics-dashboard/vendor/laravel/framework/src/Illuminate/Pipeline/Pipeline.php(180): Illuminate/Routing/Router->Illuminate/Routing/{closure}(Object(Illuminate/Http/Request))
#15 F:/My Projects/advanced-analytics-dashboard-laravel12/laravel12-analytics-dashboard/vendor/laravel/framework/src/Illuminate/Routing/Middleware/SubstituteBindings.php(50): Illuminate/Pipeline/Pipeline->Illuminate/Pipeline/{closure}(Object(Illuminate/Http/Request))
#16 F:/My Projects/advanced-analytics-dashboard-laravel12/laravel12-analytics-dashboard/vendor/laravel/framework/src/Illuminate/Pipeline/Pipeline.php(219): Illuminate/Routing/Middleware/SubstituteBindings->handle(Object(Illuminate/Http/Request), Object(Closure))
#17 F:/My Projects/advanced-analytics-dashboard-laravel12/laravel12-analytics-dashboard/vendor/laravel/framework/src/Illuminate/Auth/Middleware/Authenticate.php(63): Illuminate/Pipeline/Pipeline->Illuminate/Pipeline/{closure}(Object(Illuminate/Http/Request))
#18 F:/My Projects/advanced-analytics-dashboard-laravel12/laravel12-analytics-dashboard/vendor/laravel/framework/src/Illuminate/Pipeline/Pipeline.php(219): Illuminate/Auth/Middleware/Authenticate->handle(Object(Illuminate/Http/Request), Object(Closure))
#19 F:/My Projects/advanced-analytics-dashboard-laravel12/laravel12-analytics-dashboard/vendor/laravel/framework/src/Illuminate/Foundation/Http/Middleware/VerifyCsrfToken.php(87): Illuminate/Pipeline/Pipeline->Illuminate/Pipeline/{closure}(Object(Illuminate/Http/Request))
#20 F:/My Projects/advanced-analytics-dashboard-laravel12/laravel12-analytics-dashboard/vendor/laravel/framework/src/Illuminate/Pipeline/Pipeline.php(219): Illuminate/Foundation/Http/Middleware/VerifyCsrfToken->handle(Object(Illuminate/Http/Request), Object(Closure))
#21 F:/My Projects/advanced-analytics-dashboard-laravel12/laravel12-analytics-dashboard/vendor/laravel/framework/src/Illuminate/View/Middleware/ShareErrorsFromSession.php(48): Illuminate/Pipeline/Pipeline->Illuminate/Pipeline/{closure}(Object(Illuminate/Http/Request))
#22 F:/My Projects/advanced-analytics-dashboard-laravel12/laravel12-analytics-dashboard/vendor/laravel/framework/src/Illuminate/Pipeline/Pipeline.php(219): Illuminate/View/Middleware/ShareErrorsFromSession->handle(Object(Illuminate/Http/Request), Object(Closure))
#23 F:/My Projects/advanced-analytics-dashboard-laravel12/laravel12-analytics-dashboard/vendor/laravel/framework/src/Illuminate/Session/Middleware/StartSession.php(120): Illuminate/Pipeline/Pipeline->Illuminate/Pipeline/{closure}(Object(Illuminate/Http/Request))
#24 F:/My Projects/advanced-analytics-dashboard-laravel12/laravel12-analytics-dashboard/vendor/laravel/framework/src/Illuminate/Session/Middleware/StartSession.php(63): Illuminate/Session/Middleware/StartSession->handleStatefulRequest(Object(Illuminate/Http/Request), Object(Illuminate/Session/Store), Object(Closure))
#25 F:/My Projects/advanced-analytics-dashboard-laravel12/laravel12-analytics-dashboard/vendor/laravel/framework/src/Illuminate/Pipeline/Pipeline.php(219): Illuminate/Session/Middleware/StartSession->handle(Object(Illuminate/Http/Request), Object(Closure))
#26 F:/My Projects/advanced-analytics-dashboard-laravel12/laravel12-analytics-dashboard/vendor/laravel/framework/src/Illuminate/Cookie/Middleware/AddQueuedCookiesToResponse.php(36): Illuminate/Pipeline/Pipeline->Illuminate/Pipeline/{closure}(Object(Illuminate/Http/Request))
#27 F:/My Projects/advanced-analytics-dashboard-laravel12/laravel12-analytics-dashboard/vendor/laravel/framework/src/Illuminate/Pipeline/Pipeline.php(219): Illuminate/Cookie/Middleware/AddQueuedCookiesToResponse->handle(Object(Illuminate/Http/Request), Object(Closure))
#28 F:/My Projects/advanced-analytics-dashboard-laravel12/laravel12-analytics-dashboard/vendor/laravel/framework/src/Illuminate/Cookie/Middleware/EncryptCookies.php(74): Illuminate/Pipeline/Pipeline->Illuminate/Pipeline/{closure}(Object(Illuminate/Http/Request))
#29 F:/My Projects/advanced-analytics-dashboard-laravel12/laravel12-analytics-dashboard/vendor/laravel/framework/src/Illuminate/Pipeline/Pipeline.php(219): Illuminate/Cookie/Middleware/EncryptCookies->handle(Object(Illuminate/Http/Request), Object(Closure))
#30 F:/My Projects/advanced-analytics-dashboard-laravel12/laravel12-analytics-dashboard/vendor/laravel/framework/src/Illuminate/Pipeline/Pipeline.php(137): Illuminate/Pipeline/Pipeline->Illuminate/Pipeline/{closure}(Object(Illuminate/Http/Request))
#31 F:/My Projects/advanced-analytics-dashboard-laravel12/laravel12-analytics-dashboard/vendor/laravel/framework/src/Illuminate/Routing/Router.php(821): Illuminate/Pipeline/Pipeline->then(Object(Closure))
#32 F:/My Projects/advanced-analytics-dashboard-laravel12/laravel12-analytics-dashboard/vendor/laravel/framework/src/Illuminate/Routing/Router.php(800): Illuminate/Routing/Router->runRouteWithinStack(Object(Illuminate/Routing/Route), Object(Illuminate/Http/Request))
#33 F:/My Projects/advanced-analytics-dashboard-laravel12/laravel12-analytics-dashboard/vendor/laravel/framework/src/Illuminate/Routing/Router.php(764): Illuminate/Routing/Router->runRoute(Object(Illuminate/Http/Request), Object(Illuminate/Routing/Route))
#34 F:/My Projects/advanced-analytics-dashboard-laravel12/laravel12-analytics-dashboard/vendor/laravel/framework/src/Illuminate/Routing/Router.php(753): Illuminate/Routing/Router->dispatchToRoute(Object(Illuminate/Http/Request))
#35 F:/My Projects/advanced-analytics-dashboard-laravel12/laravel12-analytics-dashboard/vendor/laravel/framework/src/Illuminate/Foundation/Http/Kernel.php(200): Illuminate/Routing/Router->dispatch(Object(Illuminate/Http/Request))
#36 F:/My Projects/advanced-analytics-dashboard-laravel12/laravel12-analytics-dashboard/vendor/laravel/framework/src/Illuminate/Pipeline/Pipeline.php(180): Illuminate/Foundation/Http/Kernel->Illuminate/Foundation/Http/{closure}(Object(Illuminate/Http/Request))
#37 F:/My Projects/advanced-analytics-dashboard-laravel12/laravel12-analytics-dashboard/vendor/laravel/framework/src/Illuminate/Foundation/Http/Middleware/TransformsRequest.php(21): Illuminate/Pipeline/Pipeline->Illuminate/Pipeline/{closure}(Object(Illuminate/Http/Request))
#38 F:/My Projects/advanced-analytics-dashboard-laravel12/laravel12-analytics-dashboard/vendor/laravel/framework/src/Illuminate/Foundation/Http/Middleware/ConvertEmptyStringsToNull.php(31): Illuminate/Foundation/Http/Middleware/TransformsRequest->handle(Object(Illuminate/Http/Request), Object(Closure))
#39 F:/My Projects/advanced-analytics-dashboard-laravel12/laravel12-analytics-dashboard/vendor/laravel/framework/src/Illuminate/Pipeline/Pipeline.php(219): Illuminate/Foundation/Http/Middleware/ConvertEmptyStringsToNull->handle(Object(Illuminate/Http/Request), Object(Closure))
#40 F:/My Projects/advanced-analytics-dashboard-laravel12/laravel12-analytics-dashboard/vendor/laravel/framework/src/Illuminate/Foundation/Http/Middleware/TransformsRequest.php(21): Illuminate/Pipeline/Pipeline->Illuminate/Pipeline/{closure}(Object(Illuminate/Http/Request))
#41 F:/My Projects/advanced-analytics-dashboard-laravel12/laravel12-analytics-dashboard/vendor/laravel/framework/src/Illuminate/Foundation/Http/Middleware/TrimStrings.php(51): Illuminate/Foundation/Http/Middleware/TransformsRequest->handle(Object(Illuminate/Http/Request), Object(Closure))
#42 F:/My Projects/advanced-analytics-dashboard-laravel12/laravel12-analytics-dashboard/vendor/laravel/framework/src/Illuminate/Pipeline/Pipeline.php(219): Illuminate/Foundation/Http/Middleware/TrimStrings->handle(Object(Illuminate/Http/Request), Object(Closure))
#43 F:/My Projects/advanced-analytics-dashboard-laravel12/laravel12-analytics-dashboard/vendor/laravel/framework/src/Illuminate/Http/Middleware/ValidatePostSize.php(27): Illuminate/Pipeline/Pipeline->Illuminate/Pipeline/{closure}(Object(Illuminate/Http/Request))
#44 F:/My Projects/advanced-analytics-dashboard-laravel12/laravel12-analytics-dashboard/vendor/laravel/framework/src/Illuminate/Pipeline/Pipeline.php(219): Illuminate/Http/Middleware/ValidatePostSize->handle(Object(Illuminate/Http/Request), Object(Closure))
#45 F:/My Projects/advanced-analytics-dashboard-laravel12/laravel12-analytics-dashboard/vendor/laravel/framework/src/Illuminate/Foundation/Http/Middleware/PreventRequestsDuringMaintenance.php(109): Illuminate/Pipeline/Pipeline->Illuminate/Pipeline/{closure}(Object(Illuminate/Http/Request))
#46 F:/My Projects/advanced-analytics-dashboard-laravel12/laravel12-analytics-dashboard/vendor/laravel/framework/src/Illuminate/Pipeline/Pipeline.php(219): Illuminate/Foundation/Http/Middleware/PreventRequestsDuringMaintenance->handle(Object(Illuminate/Http/Request), Object(Closure))
#47 F:/My Projects/advanced-analytics-dashboard-laravel12/laravel12-analytics-dashboard/vendor/laravel/framework/src/Illuminate/Http/Middleware/HandleCors.php(61): Illuminate/Pipeline/Pipeline->Illuminate/Pipeline/{closure}(Object(Illuminate/Http/Request))
#48 F:/My Projects/advanced-analytics-dashboard-laravel12/laravel12-analytics-dashboard/vendor/laravel/framework/src/Illuminate/Pipeline/Pipeline.php(219): Illuminate/Http/Middleware/HandleCors->handle(Object(Illuminate/Http/Request), Object(Closure))
#49 F:/My Projects/advanced-analytics-dashboard-laravel12/laravel12-analytics-dashboard/vendor/laravel/framework/src/Illuminate/Http/Middleware/TrustProxies.php(58): Illuminate/Pipeline/Pipeline->Illuminate/Pipeline/{closure}(Object(Illuminate/Http/Request))
#50 F:/My Projects/advanced-analytics-dashboard-laravel12/laravel12-analytics-dashboard/vendor/laravel/framework/src/Illuminate/Pipeline/Pipeline.php(219): Illuminate/Http/Middleware/TrustProxies->handle(Object(Illuminate/Http/Request), Object(Closure))
#51 F:/My Projects/advanced-analytics-dashboard-laravel12/laravel12-analytics-dashboard/vendor/laravel/framework/src/Illuminate/Foundation/Http/Middleware/InvokeDeferredCallbacks.php(22): Illuminate/Pipeline/Pipeline->Illuminate/Pipeline/{closure}(Object(Illuminate/Http/Request))
#52 F:/My Projects/advanced-analytics-dashboard-laravel12/laravel12-analytics-dashboard/vendor/laravel/framework/src/Illuminate/Pipeline/Pipeline.php(219): Illuminate/Foundation/Http/Middleware/InvokeDeferredCallbacks->handle(Object(Illuminate/Http/Request), Object(Closure))
#53 F:/My Projects/advanced-analytics-dashboard-laravel12/laravel12-analytics-dashboard/vendor/laravel/framework/src/Illuminate/Http/Middleware/ValidatePathEncoding.php(26): Illuminate/Pipeline/Pipeline->Illuminate/Pipeline/{closure}(Object(Illuminate/Http/Request))
#54 F:/My Projects/advanced-analytics-dashboard-laravel12/laravel12-analytics-dashboard/vendor/laravel/framework/src/Illuminate/Pipeline/Pipeline.php(219): Illuminate/Http/Middleware/ValidatePathEncoding->handle(Object(Illuminate/Http/Request), Object(Closure))
#55 F:/My Projects/advanced-analytics-dashboard-laravel12/laravel12-analytics-dashboard/vendor/laravel/framework/src/Illuminate/Pipeline/Pipeline.php(137): Illuminate/Pipeline/Pipeline->Illuminate/Pipeline/{closure}(Object(Illuminate/Http/Request))
#56 F:/My Projects/advanced-analytics-dashboard-laravel12/laravel12-analytics-dashboard/vendor/laravel/framework/src/Illuminate/Foundation/Http/Kernel.php(175): Illuminate/Pipeline/Pipeline->then(Object(Closure))
#57 F:/My Projects/advanced-analytics-dashboard-laravel12/laravel12-analytics-dashboard/vendor/laravel/framework/src/Illuminate/Foundation/Http/Kernel.php(144): Illuminate/Foundation/Http/Kernel->sendRequestThroughRouter(Object(Illuminate/Http/Request))
#58 F:/My Projects/advanced-analytics-dashboard-laravel12/laravel12-analytics-dashboard/vendor/laravel/framework/src/Illuminate/Foundation/Application.php(1220): Illuminate/Foundation/Http/Kernel->handle(Object(Illuminate/Http/Request))
#59 F:/My Projects/advanced-analytics-dashboard-laravel12/laravel12-analytics-dashboard/public/index.php(6): Illuminate/Foundation/Application->handleRequest(Object(Illuminate/Http/Request))
#60 F:/My Projects/advanced-analytics-dashboard-laravel12/laravel12-analytics-dashboard/vendor/laravel/framework/src/Illuminate/Foundation/resources/server.php(23): require_once('F://My Projects//...')
#61 {main}
"} 
[2026-09-05 11:18:38] local.ERROR: Route [dashboard.data] not defined. (View: F:\My Projects\advanced-analytics-dashboard-laravel12\laravel12-analytics-dashboard\resources\views\dashboard\index.blade.php) {"userId":1,"exception":"[object] (Illuminate\\View\\ViewException(code: 0): Route [dashboard.data] not defined. (View: F:\\My Projects\\advanced-analytics-dashboard-laravel12\\laravel12-analytics-dashboard\\resources\\views\\dashboard\\index.blade.php) at F:/My Projects/advanced-analytics-dashboard-laravel12/laravel12-analytics-dashboard/vendor/laravel/framework/src/Illuminate/Routing/UrlGenerator.php:536)
[stacktrace]
#0 F:/My Projects/advanced-analytics-dashboard-laravel12/laravel12-analytics-dashboard/vendor/laravel/framework/src/Illuminate/View/Engines/PhpEngine.php(59): Illuminate/View/Engines/CompilerEngine->handleViewException(Object(Symfony/Component/Routing/Exception/RouteNotFoundException), 1)
#1 F:/My Projects/advanced-analytics-dashboard-laravel12/laravel12-analytics-dashboard/vendor/laravel/framework/src/Illuminate/View/Engines/CompilerEngine.php(76): Illuminate/View/Engines/PhpEngine->evaluatePath('F://My Projects//...', Array)
#2 F:/My Projects/advanced-analytics-dashboard-laravel12/laravel12-analytics-dashboard/vendor/laravel/framework/src/Illuminate/View/View.php(208): Illuminate/View/Engines/CompilerEngine->get('F://My Projects//...', Array)
#3 F:/My Projects/advanced-analytics-dashboard-laravel12/laravel12-analytics-dashboard/vendor/laravel/framework/src/Illuminate/View/View.php(191): Illuminate/View/View->getContents()
#4 F:/My Projects/advanced-analytics-dashboard-laravel12/laravel12-analytics-dashboard/vendor/laravel/framework/src/Illuminate/View/View.php(160): Illuminate/View/View->renderContents()
#5 F:/My Projects/advanced-analytics-dashboard-laravel12/laravel12-analytics-dashboard/vendor/laravel/framework/src/Illuminate/Http/Response.php(78): Illuminate/View/View->render()
#6 F:/My Projects/advanced-analytics-dashboard-laravel12/laravel12-analytics-dashboard/vendor/laravel/framework/src/Illuminate/Http/Response.php(34): Illuminate/Http/Response->setContent(Object(Illuminate/View/View))
#7 F:/My Projects/advanced-analytics-dashboard-laravel12/laravel12-analytics-dashboard/vendor/laravel/framework/src/Illuminate/Routing/Router.php(939): Illuminate/Http/Response->__construct(Object(Illuminate/View/View), 200, Array)
#8 F:/My Projects/advanced-analytics-dashboard-laravel12/laravel12-analytics-dashboard/vendor/laravel/framework/src/Illuminate/Routing/Router.php(906): Illuminate/Routing/Router::toResponse(Object(Illuminate/Http/Request), Object(Illuminate/View/View))
#9 F:/My Projects/advanced-analytics-dashboard-laravel12/laravel12-analytics-dashboard/vendor/laravel/framework/src/Illuminate/Routing/Router.php(821): Illuminate/Routing/Router->prepareResponse(Object(Illuminate/Http/Request), Object(Illuminate/View/View))
#10 F:/My Projects/advanced-analytics-dashboard-laravel12/laravel12-analytics-dashboard/vendor/laravel/framework/src/Illuminate/Pipeline/Pipeline.php(180): Illuminate/Routing/Router->Illuminate/Routing/{closure}(Object(Illuminate/Http/Request))
#11 F:/My Projects/advanced-analytics-dashboard-laravel12/laravel12-analytics-dashboard/vendor/laravel/framework/src/Illuminate/Routing/Middleware/SubstituteBindings.php(50): Illuminate/Pipeline/Pipeline->Illuminate/Pipeline/{closure}(Object(Illuminate/Http/Request))
#12 F:/My Projects/advanced-analytics-dashboard-laravel12/laravel12-analytics-dashboard/vendor/laravel/framework/src/Illuminate/Pipeline/Pipeline.php(219): Illuminate/Routing/Middleware/SubstituteBindings->handle(Object(Illuminate/Http/Request), Object(Closure))
#13 F:/My Projects/advanced-analytics-dashboard-laravel12/laravel12-analytics-dashboard/vendor/laravel/framework/src/Illuminate/Auth/Middleware/Authenticate.php(63): Illuminate/Pipeline/Pipeline->Illuminate/Pipeline/{closure}(Object(Illuminate/Http/Request))
#14 F:/My Projects/advanced-analytics-dashboard-laravel12/laravel12-analytics-dashboard/vendor/laravel/framework/src/Illuminate/Pipeline/Pipeline.php(219): Illuminate/Auth/Middleware/Authenticate->handle(Object(Illuminate/Http/Request), Object(Closure))
#15 F:/My Projects/advanced-analytics-dashboard-laravel12/laravel12-analytics-dashboard/vendor/laravel/framework/src/Illuminate/Foundation/Http/Middleware/VerifyCsrfToken.php(87): Illuminate/Pipeline/Pipeline->Illuminate/Pipeline/{closure}(Object(Illuminate/Http/Request))
#16 F:/My Projects/advanced-analytics-dashboard-laravel12/laravel12-analytics-dashboard/vendor/laravel/framework/src/Illuminate/Pipeline/Pipeline.php(219): Illuminate/Foundation/Http/Middleware/VerifyCsrfToken->handle(Object(Illuminate/Http/Request), Object(Closure))
#17 F:/My Projects/advanced-analytics-dashboard-laravel12/laravel12-analytics-dashboard/vendor/laravel/framework/src/Illuminate/View/Middleware/ShareErrorsFromSession.php(48): Illuminate/Pipeline/Pipeline->Illuminate/Pipeline/{closure}(Object(Illuminate/Http/Request))
#18 F:/My Projects/advanced-analytics-dashboard-laravel12/laravel12-analytics-dashboard/vendor/laravel/framework/src/Illuminate/Pipeline/Pipeline.php(219): Illuminate/View/Middleware/ShareErrorsFromSession->handle(Object(Illuminate/Http/Request), Object(Closure))
#19 F:/My Projects/advanced-analytics-dashboard-laravel12/laravel12-analytics-dashboard/vendor/laravel/framework/src/Illuminate/Session/Middleware/StartSession.php(120): Illuminate/Pipeline/Pipeline->Illuminate/Pipeline/{closure}(Object(Illuminate/Http/Request))
#20 F:/My Projects/advanced-analytics-dashboard-laravel12/laravel12-analytics-dashboard/vendor/laravel/framework/src/Illuminate/Session/Middleware/StartSession.php(63): Illuminate/Session/Middleware/StartSession->handleStatefulRequest(Object(Illuminate/Http/Request), Object(Illuminate/Session/Store), Object(Closure))
#21 F:/My Projects/advanced-analytics-dashboard-laravel12/laravel12-analytics-dashboard/vendor/laravel/framework/src/Illuminate/Pipeline/Pipeline.php(219): Illuminate/Session/Middleware/StartSession->handle(Object(Illuminate/Http/Request), Object(Closure))
#22 F:/My Projects/advanced-analytics-dashboard-laravel12/laravel12-analytics-dashboard/vendor/laravel/framework/src/Illuminate/Cookie/Middleware/AddQueuedCookiesToResponse.php(36): Illuminate/Pipeline/Pipeline->Illuminate/Pipeline/{closure}(Object(Illuminate/Http/Request))
#23 F:/My Projects/advanced-analytics-dashboard-laravel12/laravel12-analytics-dashboard/vendor/laravel/framework/src/Illuminate/Pipeline/Pipeline.php(219): Illuminate/Cookie/Middleware/AddQueuedCookiesToResponse->handle(Object(Illuminate/Http/Request), Object(Closure))
#24 F:/My Projects/advanced-analytics-dashboard-laravel12/laravel12-analytics-dashboard/vendor/laravel/framework/src/Illuminate/Cookie/Middleware/EncryptCookies.php(74): Illuminate/Pipeline/Pipeline->Illuminate/Pipeline/{closure}(Object(Illuminate/Http/Request))
#25 F:/My Projects/advanced-analytics-dashboard-laravel12/laravel12-analytics-dashboard/vendor/laravel/framework/src/Illuminate/Pipeline/Pipeline.php(219): Illuminate/Cookie/Middleware/EncryptCookies->handle(Object(Illuminate/Http/Request), Object(Closure))
#26 F:/My Projects/advanced-analytics-dashboard-laravel12/laravel12-analytics-dashboard/vendor/laravel/framework/src/Illuminate/Pipeline/Pipeline.php(137): Illuminate/Pipeline/Pipeline->Illuminate/Pipeline/{closure}(Object(Illuminate/Http/Request))
#27 F:/My Projects/advanced-analytics-dashboard-laravel12/laravel12-analytics-dashboard/vendor/laravel/framework/src/Illuminate/Routing/Router.php(821): Illuminate/Pipeline/Pipeline->then(Object(Closure))
#28 F:/My Projects/advanced-analytics-dashboard-laravel12/laravel12-analytics-dashboard/vendor/laravel/framework/src/Illuminate/Routing/Router.php(800): Illuminate/Routing/Router->runRouteWithinStack(Object(Illuminate/Routing/Route), Object(Illuminate/Http/Request))
#29 F:/My Projects/advanced-analytics-dashboard-laravel12/laravel12-analytics-dashboard/vendor/laravel/framework/src/Illuminate/Routing/Router.php(764): Illuminate/Routing/Router->runRoute(Object(Illuminate/Http/Request), Object(Illuminate/Routing/Route))
#30 F:/My Projects/advanced-analytics-dashboard-laravel12/laravel12-analytics-dashboard/vendor/laravel/framework/src/Illuminate/Routing/Router.php(753): Illuminate/Routing/Router->dispatchToRoute(Object(Illuminate/Http/Request))
#31 F:/My Projects/advanced-analytics-dashboard-laravel12/laravel12-analytics-dashboard/vendor/laravel/framework/src/Illuminate/Foundation/Http/Kernel.php(200): Illuminate/Routing/Router->dispatch(Object(Illuminate/Http/Request))
#32 F:/My Projects/advanced-analytics-dashboard-laravel12/laravel12-analytics-dashboard/vendor/laravel/framework/src/Illuminate/Pipeline/Pipeline.php(180): Illuminate/Foundation/Http/Kernel->Illuminate/Foundation/Http/{closure}(Object(Illuminate/Http/Request))
#33 F:/My Projects/advanced-analytics-dashboard-laravel12/laravel12-analytics-dashboard/vendor/laravel/framework/src/Illuminate/Foundation/Http/Middleware/TransformsRequest.php(21): Illuminate/Pipeline/Pipeline->Illuminate/Pipeline/{closure}(Object(Illuminate/Http/Request))
#34 F:/My Projects/advanced-analytics-dashboard-laravel12/laravel12-analytics-dashboard/vendor/laravel/framework/src/Illuminate/Foundation/Http/Middleware/ConvertEmptyStringsToNull.php(31): Illuminate/Foundation/Http/Middleware/TransformsRequest->handle(Object(Illuminate/Http/Request), Object(Closure))
#35 F:/My Projects/advanced-analytics-dashboard-laravel12/laravel12-analytics-dashboard/vendor/laravel/framework/src/Illuminate/Pipeline/Pipeline.php(219): Illuminate/Foundation/Http/Middleware/ConvertEmptyStringsToNull->handle(Object(Illuminate/Http/Request), Object(Closure))
#36 F:/My Projects/advanced-analytics-dashboard-laravel12/laravel12-analytics-dashboard/vendor/laravel/framework/src/Illuminate/Foundation/Http/Middleware/TransformsRequest.php(21): Illuminate/Pipeline/Pipeline->Illuminate/Pipeline/{closure}(Object(Illuminate/Http/Request))
#37 F:/My Projects/advanced-analytics-dashboard-laravel12/laravel12-analytics-dashboard/vendor/laravel/framework/src/Illuminate/Foundation/Http/Middleware/TrimStrings.php(51): Illuminate/Foundation/Http/Middleware/TransformsRequest->handle(Object(Illuminate/Http/Request), Object(Closure))
#38 F:/My Projects/advanced-analytics-dashboard-laravel12/laravel12-analytics-dashboard/vendor/laravel/framework/src/Illuminate/Pipeline/Pipeline.php(219): Illuminate/Foundation/Http/Middleware/TrimStrings->handle(Object(Illuminate/Http/Request), Object(Closure))
#39 F:/My Projects/advanced-analytics-dashboard-laravel12/laravel12-analytics-dashboard/vendor/laravel/framework/src/Illuminate/Http/Middleware/ValidatePostSize.php(27): Illuminate/Pipeline/Pipeline->Illuminate/Pipeline/{closure}(Object(Illuminate/Http/Request))
#40 F:/My Projects/advanced-analytics-dashboard-laravel12/laravel12-analytics-dashboard/vendor/laravel/framework/src/Illuminate/Pipeline/Pipeline.php(219): Illuminate/Http/Middleware/ValidatePostSize->handle(Object(Illuminate/Http/Request), Object(Closure))
#41 F:/My Projects/advanced-analytics-dashboard-laravel12/laravel12-analytics-dashboard/vendor/laravel/framework/src/Illuminate/Foundation/Http/Middleware/PreventRequestsDuringMaintenance.php(109): Illuminate/Pipeline/Pipeline->Illuminate/Pipeline/{closure}(Object(Illuminate/Http/Request))
#42 F:/My Projects/advanced-analytics-dashboard-laravel12/laravel12-analytics-dashboard/vendor/laravel/framework/src/Illuminate/Pipeline/Pipeline.php(219): Illuminate/Foundation/Http/Middleware/PreventRequestsDuringMaintenance->handle(Object(Illuminate/Http/Request), Object(Closure))
#43 F:/My Projects/advanced-analytics-dashboard-laravel12/laravel12-analytics-dashboard/vendor/laravel/framework/src/Illuminate/Http/Middleware/HandleCors.php(61): Illuminate/Pipeline/Pipeline->Illuminate/Pipeline/{closure}(Object(Illuminate/Http/Request))
#44 F:/My Projects/advanced-analytics-dashboard-laravel12/laravel12-analytics-dashboard/vendor/laravel/framework/src/Illuminate/Pipeline/Pipeline.php(219): Illuminate/Http/Middleware/HandleCors->handle(Object(Illuminate/Http/Request), Object(Closure))
#45 F:/My Projects/advanced-analytics-dashboard-laravel12/laravel12-analytics-dashboard/vendor/laravel/framework/src/Illuminate/Http/Middleware/TrustProxies.php(58): Illuminate/Pipeline/Pipeline->Illuminate/Pipeline/{closure}(Object(Illuminate/Http/Request))
#46 F:/My Projects/advanced-analytics-dashboard-laravel12/laravel12-analytics-dashboard/vendor/laravel/framework/src/Illuminate/Pipeline/Pipeline.php(219): Illuminate/Http/Middleware/TrustProxies->handle(Object(Illuminate/Http/Request), Object(Closure))
#47 F:/My Projects/advanced-analytics-dashboard-laravel12/laravel12-analytics-dashboard/vendor/laravel/framework/src/Illuminate/Foundation/Http/Middleware/InvokeDeferredCallbacks.php(22): Illuminate/Pipeline/Pipeline->Illuminate/Pipeline/{closure}(Object(Illuminate/Http/Request))
#48 F:/My Projects/advanced-analytics-dashboard-laravel12/laravel12-analytics-dashboard/vendor/laravel/framework/src/Illuminate/Pipeline/Pipeline.php(219): Illuminate/Foundation/Http/Middleware/InvokeDeferredCallbacks->handle(Object(Illuminate/Http/Request), Object(Closure))
#49 F:/My Projects/advanced-analytics-dashboard-laravel12/laravel12-analytics-dashboard/vendor/laravel/framework/src/Illuminate/Http/Middleware/ValidatePathEncoding.php(26): Illuminate/Pipeline/Pipeline->Illuminate/Pipeline/{closure}(Object(Illuminate/Http/Request))
#50 F:/My Projects/advanced-analytics-dashboard-laravel12/laravel12-analytics-dashboard/vendor/laravel/framework/src/Illuminate/Pipeline/Pipeline.php(219): Illuminate/Http/Middleware/ValidatePathEncoding->handle(Object(Illuminate/Http/Request), Object(Closure))
#51 F:/My Projects/advanced-analytics-dashboard-laravel12/laravel12-analytics-dashboard/vendor/laravel/framework/src/Illuminate/Pipeline/Pipeline.php(137): Illuminate/Pipeline/Pipeline->Illuminate/Pipeline/{closure}(Object(Illuminate/Http/Request))
#52 F:/My Projects/advanced-analytics-dashboard-laravel12/laravel12-analytics-dashboard/vendor/laravel/framework/src/Illuminate/Foundation/Http/Kernel.php(175): Illuminate/Pipeline/Pipeline->then(Object(Closure))
#53 F:/My Projects/advanced-analytics-dashboard-laravel12/laravel12-analytics-dashboard/vendor/laravel/framework/src/Illuminate/Foundation/Http/Kernel.php(144): Illuminate/Foundation/Http/Kernel->sendRequestThroughRouter(Object(Illuminate/Http/Request))
#54 F:/My Projects/advanced-analytics-dashboard-laravel12/laravel12-analytics-dashboard/vendor/laravel/framework/src/Illuminate/Foundation/Application.php(1220): Illuminate/Foundation/Http/Kernel->handle(Object(Illuminate/Http/Request))
#55 F:/My Projects/advanced-analytics-dashboard-laravel12/laravel12-analytics-dashboard/public/index.php(6): Illuminate/Foundation/Application->handleRequest(Object(Illuminate/Http/Request))
#56 F:/My Projects/advanced-analytics-dashboard-laravel12/laravel12-analytics-dashboard/vendor/laravel/framework/src/Illuminate/Foundation/resources/server.php(23): require_once('F://My Projects//...')
#57 {main}

[previous exception] [object] (Symfony\\Component\\Routing\\Exception\\RouteNotFoundException(code: 0): Route [dashboard.data] not defined. at F:/My Projects/advanced-analytics-dashboard-laravel12/laravel12-analytics-dashboard/vendor/laravel/framework/src/Illuminate/Routing/UrlGenerator.php:536)
[stacktrace]
#0 F:/My Projects/advanced-analytics-dashboard-laravel12/laravel12-analytics-dashboard/vendor/laravel/framework/src/Illuminate/Foundation/helpers.php(870): Illuminate/Routing/UrlGenerator->route('dashboard.data', Array, true)
#1 F:/My Projects/advanced-analytics-dashboard-laravel12/laravel12-analytics-dashboard/storage/framework/views/cfad614c3f528da7971831eef5227925.php(37): route('dashboard.data')
#2 F:/My Projects/advanced-analytics-dashboard-laravel12/laravel12-analytics-dashboard/vendor/laravel/framework/src/Illuminate/Filesystem/Filesystem.php(123): require('F://My Projects//...')
#3 F:/My Projects/advanced-analytics-dashboard-laravel12/laravel12-analytics-dashboard/vendor/laravel/framework/src/Illuminate/Filesystem/Filesystem.php(124): Illuminate/Filesystem/Filesystem::Illuminate/Filesystem/{closure}()
#4 F:/My Projects/advanced-analytics-dashboard-laravel12/laravel12-analytics-dashboard/vendor/laravel/framework/src/Illuminate/View/Engines/PhpEngine.php(57): Illuminate/Filesystem/Filesystem->getRequire('F://My Projects//...', Array)
#5 F:/My Projects/advanced-analytics-dashboard-laravel12/laravel12-analytics-dashboard/vendor/laravel/framework/src/Illuminate/View/Engines/CompilerEngine.php(76): Illuminate/View/Engines/PhpEngine->evaluatePath('F://My Projects//...', Array)
#6 F:/My Projects/advanced-analytics-dashboard-laravel12/laravel12-analytics-dashboard/vendor/laravel/framework/src/Illuminate/View/View.php(208): Illuminate/View/Engines/CompilerEngine->get('F://My Projects//...', Array)
#7 F:/My Projects/advanced-analytics-dashboard-laravel12/laravel12-analytics-dashboard/vendor/laravel/framework/src/Illuminate/View/View.php(191): Illuminate/View/View->getContents()
#8 F:/My Projects/advanced-analytics-dashboard-laravel12/laravel12-analytics-dashboard/vendor/laravel/framework/src/Illuminate/View/View.php(160): Illuminate/View/View->renderContents()
#9 F:/My Projects/advanced-analytics-dashboard-laravel12/laravel12-analytics-dashboard/vendor/laravel/framework/src/Illuminate/Http/Response.php(78): Illuminate/View/View->render()
#10 F:/My Projects/advanced-analytics-dashboard-laravel12/laravel12-analytics-dashboard/vendor/laravel/framework/src/Illuminate/Http/Response.php(34): Illuminate/Http/Response->setContent(Object(Illuminate/View/View))
#11 F:/My Projects/advanced-analytics-dashboard-laravel12/laravel12-analytics-dashboard/vendor/laravel/framework/src/Illuminate/Routing/Router.php(939): Illuminate/Http/Response->__construct(Object(Illuminate/View/View), 200, Array)
#12 F:/My Projects/advanced-analytics-dashboard-laravel12/laravel12-analytics-dashboard/vendor/laravel/framework/src/Illuminate/Routing/Router.php(906): Illuminate/Routing/Router::toResponse(Object(Illuminate/Http/Request), Object(Illuminate/View/View))
#13 F:/My Projects/advanced-analytics-dashboard-laravel12/laravel12-analytics-dashboard/vendor/laravel/framework/src/Illuminate/Routing/Router.php(821): Illuminate/Routing/Router->prepareResponse(Object(Illuminate/Http/Request), Object(Illuminate/View/View))
#14 F:/My Projects/advanced-analytics-dashboard-laravel12/laravel12-analytics-dashboard/vendor/laravel/framework/src/Illuminate/Pipeline/Pipeline.php(180): Illuminate/Routing/Router->Illuminate/Routing/{closure}(Object(Illuminate/Http/Request))
#15 F:/My Projects/advanced-analytics-dashboard-laravel12/laravel12-analytics-dashboard/vendor/laravel/framework/src/Illuminate/Routing/Middleware/SubstituteBindings.php(50): Illuminate/Pipeline/Pipeline->Illuminate/Pipeline/{closure}(Object(Illuminate/Http/Request))
#16 F:/My Projects/advanced-analytics-dashboard-laravel12/laravel12-analytics-dashboard/vendor/laravel/framework/src/Illuminate/Pipeline/Pipeline.php(219): Illuminate/Routing/Middleware/SubstituteBindings->handle(Object(Illuminate/Http/Request), Object(Closure))
#17 F:/My Projects/advanced-analytics-dashboard-laravel12/laravel12-analytics-dashboard/vendor/laravel/framework/src/Illuminate/Auth/Middleware/Authenticate.php(63): Illuminate/Pipeline/Pipeline->Illuminate/Pipeline/{closure}(Object(Illuminate/Http/Request))
#18 F:/My Projects/advanced-analytics-dashboard-laravel12/laravel12-analytics-dashboard/vendor/laravel/framework/src/Illuminate/Pipeline/Pipeline.php(219): Illuminate/Auth/Middleware/Authenticate->handle(Object(Illuminate/Http/Request), Object(Closure))
#19 F:/My Projects/advanced-analytics-dashboard-laravel12/laravel12-analytics-dashboard/vendor/laravel/framework/src/Illuminate/Foundation/Http/Middleware/VerifyCsrfToken.php(87): Illuminate/Pipeline/Pipeline->Illuminate/Pipeline/{closure}(Object(Illuminate/Http/Request))
#20 F:/My Projects/advanced-analytics-dashboard-laravel12/laravel12-analytics-dashboard/vendor/laravel/framework/src/Illuminate/Pipeline/Pipeline.php(219): Illuminate/Foundation/Http/Middleware/VerifyCsrfToken->handle(Object(Illuminate/Http/Request), Object(Closure))
#21 F:/My Projects/advanced-analytics-dashboard-laravel12/laravel12-analytics-dashboard/vendor/laravel/framework/src/Illuminate/View/Middleware/ShareErrorsFromSession.php(48): Illuminate/Pipeline/Pipeline->Illuminate/Pipeline/{closure}(Object(Illuminate/Http/Request))
#22 F:/My Projects/advanced-analytics-dashboard-laravel12/laravel12-analytics-dashboard/vendor/laravel/framework/src/Illuminate/Pipeline/Pipeline.php(219): Illuminate/View/Middleware/ShareErrorsFromSession->handle(Object(Illuminate/Http/Request), Object(Closure))
#23 F:/My Projects/advanced-analytics-dashboard-laravel12/laravel12-analytics-dashboard/vendor/laravel/framework/src/Illuminate/Session/Middleware/StartSession.php(120): Illuminate/Pipeline/Pipeline->Illuminate/Pipeline/{closure}(Object(Illuminate/Http/Request))
#24 F:/My Projects/advanced-analytics-dashboard-laravel12/laravel12-analytics-dashboard/vendor/laravel/framework/src/Illuminate/Session/Middleware/StartSession.php(63): Illuminate/Session/Middleware/StartSession->handleStatefulRequest(Object(Illuminate/Http/Request), Object(Illuminate/Session/Store), Object(Closure))
#25 F:/My Projects/advanced-analytics-dashboard-laravel12/laravel12-analytics-dashboard/vendor/laravel/framework/src/Illuminate/Pipeline/Pipeline.php(219): Illuminate/Session/Middleware/StartSession->handle(Object(Illuminate/Http/Request), Object(Closure))
#26 F:/My Projects/advanced-analytics-dashboard-laravel12/laravel12-analytics-dashboard/vendor/laravel/framework/src/Illuminate/Cookie/Middleware/AddQueuedCookiesToResponse.php(36): Illuminate/Pipeline/Pipeline->Illuminate/Pipeline/{closure}(Object(Illuminate/Http/Request))
#27 F:/My Projects/advanced-analytics-dashboard-laravel12/laravel12-analytics-dashboard/vendor/laravel/framework/src/Illuminate/Pipeline/Pipeline.php(219): Illuminate/Cookie/Middleware/AddQueuedCookiesToResponse->handle(Object(Illuminate/Http/Request), Object(Closure))
#28 F:/My Projects/advanced-analytics-dashboard-laravel12/laravel12-analytics-dashboard/vendor/laravel/framework/src/Illuminate/Cookie/Middleware/EncryptCookies.php(74): Illuminate/Pipeline/Pipeline->Illuminate/Pipeline/{closure}(Object(Illuminate/Http/Request))
#29 F:/My Projects/advanced-analytics-dashboard-laravel12/laravel12-analytics-dashboard/vendor/laravel/framework/src/Illuminate/Pipeline/Pipeline.php(219): Illuminate/Cookie/Middleware/EncryptCookies->handle(Object(Illuminate/Http/Request), Object(Closure))
#30 F:/My Projects/advanced-analytics-dashboard-laravel12/laravel12-analytics-dashboard/vendor/laravel/framework/src/Illuminate/Pipeline/Pipeline.php(137): Illuminate/Pipeline/Pipeline->Illuminate/Pipeline/{closure}(Object(Illuminate/Http/Request))
#31 F:/My Projects/advanced-analytics-dashboard-laravel12/laravel12-analytics-dashboard/vendor/laravel/framework/src/Illuminate/Routing/Router.php(821): Illuminate/Pipeline/Pipeline->then(Object(Closure))
#32 F:/My Projects/advanced-analytics-dashboard-laravel12/laravel12-analytics-dashboard/vendor/laravel/framework/src/Illuminate/Routing/Router.php(800): Illuminate/Routing/Router->runRouteWithinStack(Object(Illuminate/Routing/Route), Object(Illuminate/Http/Request))
#33 F:/My Projects/advanced-analytics-dashboard-laravel12/laravel12-analytics-dashboard/vendor/laravel/framework/src/Illuminate/Routing/Router.php(764): Illuminate/Routing/Router->runRoute(Object(Illuminate/Http/Request), Object(Illuminate/Routing/Route))
#34 F:/My Projects/advanced-analytics-dashboard-laravel12/laravel12-analytics-dashboard/vendor/laravel/framework/src/Illuminate/Routing/Router.php(753): Illuminate/Routing/Router->dispatchToRoute(Object(Illuminate/Http/Request))
#35 F:/My Projects/advanced-analytics-dashboard-laravel12/laravel12-analytics-dashboard/vendor/laravel/framework/src/Illuminate/Foundation/Http/Kernel.php(200): Illuminate/Routing/Router->dispatch(Object(Illuminate/Http/Request))
#36 F:/My Projects/advanced-analytics-dashboard-laravel12/laravel12-analytics-dashboard/vendor/laravel/framework/src/Illuminate/Pipeline/Pipeline.php(180): Illuminate/Foundation/Http/Kernel->Illuminate/Foundation/Http/{closure}(Object(Illuminate/Http/Request))
#37 F:/My Projects/advanced-analytics-dashboard-laravel12/laravel12-analytics-dashboard/vendor/laravel/framework/src/Illuminate/Foundation/Http/Middleware/TransformsRequest.php(21): Illuminate/Pipeline/Pipeline->Illuminate/Pipeline/{closure}(Object(Illuminate/Http/Request))
#38 F:/My Projects/advanced-analytics-dashboard-laravel12/laravel12-analytics-dashboard/vendor/laravel/framework/src/Illuminate/Foundation/Http/Middleware/ConvertEmptyStringsToNull.php(31): Illuminate/Foundation/Http/Middleware/TransformsRequest->handle(Object(Illuminate/Http/Request), Object(Closure))
#39 F:/My Projects/advanced-analytics-dashboard-laravel12/laravel12-analytics-dashboard/vendor/laravel/framework/src/Illuminate/Pipeline/Pipeline.php(219): Illuminate/Foundation/Http/Middleware/ConvertEmptyStringsToNull->handle(Object(Illuminate/Http/Request), Object(Closure))
#40 F:/My Projects/advanced-analytics-dashboard-laravel12/laravel12-analytics-dashboard/vendor/laravel/framework/src/Illuminate/Foundation/Http/Middleware/TransformsRequest.php(21): Illuminate/Pipeline/Pipeline->Illuminate/Pipeline/{closure}(Object(Illuminate/Http/Request))
#41 F:/My Projects/advanced-analytics-dashboard-laravel12/laravel12-analytics-dashboard/vendor/laravel/framework/src/Illuminate/Foundation/Http/Middleware/TrimStrings.php(51): Illuminate/Foundation/Http/Middleware/TransformsRequest->handle(Object(Illuminate/Http/Request), Object(Closure))
#42 F:/My Projects/advanced-analytics-dashboard-laravel12/laravel12-analytics-dashboard/vendor/laravel/framework/src/Illuminate/Pipeline/Pipeline.php(219): Illuminate/Foundation/Http/Middleware/TrimStrings->handle(Object(Illuminate/Http/Request), Object(Closure))
#43 F:/My Projects/advanced-analytics-dashboard-laravel12/laravel12-analytics-dashboard/vendor/laravel/framework/src/Illuminate/Http/Middleware/ValidatePostSize.php(27): Illuminate/Pipeline/Pipeline->Illuminate/Pipeline/{closure}(Object(Illuminate/Http/Request))
#44 F:/My Projects/advanced-analytics-dashboard-laravel12/laravel12-analytics-dashboard/vendor/laravel/framework/src/Illuminate/Pipeline/Pipeline.php(219): Illuminate/Http/Middleware/ValidatePostSize->handle(Object(Illuminate/Http/Request), Object(Closure))
#45 F:/My Projects/advanced-analytics-dashboard-laravel12/laravel12-analytics-dashboard/vendor/laravel/framework/src/Illuminate/Foundation/Http/Middleware/PreventRequestsDuringMaintenance.php(109): Illuminate/Pipeline/Pipeline->Illuminate/Pipeline/{closure}(Object(Illuminate/Http/Request))
#46 F:/My Projects/advanced-analytics-dashboard-laravel12/laravel12-analytics-dashboard/vendor/laravel/framework/src/Illuminate/Pipeline/Pipeline.php(219): Illuminate/Foundation/Http/Middleware/PreventRequestsDuringMaintenance->handle(Object(Illuminate/Http/Request), Object(Closure))
#47 F:/My Projects/advanced-analytics-dashboard-laravel12/laravel12-analytics-dashboard/vendor/laravel/framework/src/Illuminate/Http/Middleware/HandleCors.php(61): Illuminate/Pipeline/Pipeline->Illuminate/Pipeline/{closure}(Object(Illuminate/Http/Request))
#48 F:/My Projects/advanced-analytics-dashboard-laravel12/laravel12-analytics-dashboard/vendor/laravel/framework/src/Illuminate/Pipeline/Pipeline.php(219): Illuminate/Http/Middleware/HandleCors->handle(Object(Illuminate/Http/Request), Object(Closure))
#49 F:/My Projects/advanced-analytics-dashboard-laravel12/laravel12-analytics-dashboard/vendor/laravel/framework/src/Illuminate/Http/Middleware/TrustProxies.php(58): Illuminate/Pipeline/Pipeline->Illuminate/Pipeline/{closure}(Object(Illuminate/Http/Request))
#50 F:/My Projects/advanced-analytics-dashboard-laravel12/laravel12-analytics-dashboard/vendor/laravel/framework/src/Illuminate/Pipeline/Pipeline.php(219): Illuminate/Http/Middleware/TrustProxies->handle(Object(Illuminate/Http/Request), Object(Closure))
#51 F:/My Projects/advanced-analytics-dashboard-laravel12/laravel12-analytics-dashboard/vendor/laravel/framework/src/Illuminate/Foundation/Http/Middleware/InvokeDeferredCallbacks.php(22): Illuminate/Pipeline/Pipeline->Illuminate/Pipeline/{closure}(Object(Illuminate/Http/Request))
#52 F:/My Projects/advanced-analytics-dashboard-laravel12/laravel12-analytics-dashboard/vendor/laravel/framework/src/Illuminate/Pipeline/Pipeline.php(219): Illuminate/Foundation/Http/Middleware/InvokeDeferredCallbacks->handle(Object(Illuminate/Http/Request), Object(Closure))
#53 F:/My Projects/advanced-analytics-dashboard-laravel12/laravel12-analytics-dashboard/vendor/laravel/framework/src/Illuminate/Http/Middleware/ValidatePathEncoding.php(26): Illuminate/Pipeline/Pipeline->Illuminate/Pipeline/{closure}(Object(Illuminate/Http/Request))
#54 F:/My Projects/advanced-analytics-dashboard-laravel12/laravel12-analytics-dashboard/vendor/laravel/framework/src/Illuminate/Pipeline/Pipeline.php(219): Illuminate/Http/Middleware/ValidatePathEncoding->handle(Object(Illuminate/Http/Request), Object(Closure))
#55 F:/My Projects/advanced-analytics-dashboard-laravel12/laravel12-analytics-dashboard/vendor/laravel/framework/src/Illuminate/Pipeline/Pipeline.php(137): Illuminate/Pipeline/Pipeline->Illuminate/Pipeline/{closure}(Object(Illuminate/Http/Request))
#56 F:/My Projects/advanced-analytics-dashboard-laravel12/laravel12-analytics-dashboard/vendor/laravel/framework/src/Illuminate/Foundation/Http/Kernel.php(175): Illuminate/Pipeline/Pipeline->then(Object(Closure))
#57 F:/My Projects/advanced-analytics-dashboard-laravel12/laravel12-analytics-dashboard/vendor/laravel/framework/src/Illuminate/Foundation/Http/Kernel.php(144): Illuminate/Foundation/Http/Kernel->sendRequestThroughRouter(Object(Illuminate/Http/Request))
#58 F:/My Projects/advanced-analytics-dashboard-laravel12/laravel12-analytics-dashboard/vendor/laravel/framework/src/Illuminate/Foundation/Application.php(1220): Illuminate/Foundation/Http/Kernel->handle(Object(Illuminate/Http/Request))
#59 F:/My Projects/advanced-analytics-dashboard-laravel12/laravel12-analytics-dashboard/public/index.php(6): Illuminate/Foundation/Application->handleRequest(Object(Illuminate/Http/Request))
#60 F:/My Projects/advanced-analytics-dashboard-laravel12/laravel12-analytics-dashboard/vendor/laravel/framework/src/Illuminate/Foundation/resources/server.php(23): require_once('F://My Projects//...')
#61 {main}
"} 
[2026-09-05 13:27:13] local.ERROR: SQLSTATE[HY000] [1049] Unknown database 'laravel' (Connection: mysql, Host: 127.0.0.1, Port: 3306, Database: laravel, SQL: select * from `sessions` where `id` = XXd6QdAWWRnvOyr9p5loFaj7S7JkbPs2vWgLL3Vn limit 1) {"exception":"[object] (Illuminate\\Database\\QueryException(code: 1049): SQLSTATE[HY000] [1049] Unknown database 'laravel' (Connection: mysql, Host: 127.0.0.1, Port: 3306, Database: laravel, SQL: select * from `sessions` where `id` = XXd6QdAWWRnvOyr9p5loFaj7S7JkbPs2vWgLL3Vn limit 1) at F:/My Projects/advanced-analytics-dashboard-laravel12/laravel12-analytics-dashboard/vendor/laravel/framework/src/Illuminate/Database/Connection.php:838)
[stacktrace]
#0 F:/My Projects/advanced-analytics-dashboard-laravel12/laravel12-analytics-dashboard/vendor/laravel/framework/src/Illuminate/Database/Connection.php(794): Illuminate/Database/Connection->runQueryCallback('select * from `...', Array, Object(Closure))
#1 F:/My Projects/advanced-analytics-dashboard-laravel12/laravel12-analytics-dashboard/vendor/laravel/framework/src/Illuminate/Database/Connection.php(411): Illuminate/Database/Connection->run('select * from `...', Array, Object(Closure))
#2 F:/My Projects/advanced-analytics-dashboard-laravel12/laravel12-analytics-dashboard/vendor/laravel/framework/src/Illuminate/Database/Query/Builder.php(3505): Illuminate/Database/Connection->select('select * from `...', Array, false)
#3 F:/My Projects/advanced-analytics-dashboard-laravel12/laravel12-analytics-dashboard/vendor/laravel/framework/src/Illuminate/Database/Query/Builder.php(3490): Illuminate/Database/Query/Builder->runSelect()
#4 F:/My Projects/advanced-analytics-dashboard-laravel12/laravel12-analytics-dashboard/vendor/laravel/framework/src/Illuminate/Database/Query/Builder.php(4080): Illuminate/Database/Query/Builder->Illuminate/Database/Query/{closure}()
#5 F:/My Projects/advanced-analytics-dashboard-laravel12/laravel12-analytics-dashboard/vendor/laravel/framework/src/Illuminate/Database/Query/Builder.php(3489): Illuminate/Database/Query/Builder->onceWithColumns(Array, Object(Closure))
#6 F:/My Projects/advanced-analytics-dashboard-laravel12/laravel12-analytics-dashboard/vendor/laravel/framework/src/Illuminate/Database/Concerns/BuildsQueries.php(366): Illuminate/Database/Query/Builder->get(Array)
#7 F:/My Projects/advanced-analytics-dashboard-laravel12/laravel12-analytics-dashboard/vendor/laravel/framework/src/Illuminate/Database/Query/Builder.php(3412): Illuminate/Database/Query/Builder->first(Array)
#8 F:/My Projects/advanced-analytics-dashboard-laravel12/laravel12-analytics-dashboard/vendor/laravel/framework/src/Illuminate/Session/DatabaseSessionHandler.php(96): Illuminate/Database/Query/Builder->find('XXd6QdAWWRnvOyr...')
#9 F:/My Projects/advanced-analytics-dashboard-laravel12/laravel12-analytics-dashboard/vendor/laravel/framework/src/Illuminate/Session/Store.php(128): Illuminate/Session/DatabaseSessionHandler->read('XXd6QdAWWRnvOyr...')
#10 F:/My Projects/advanced-analytics-dashboard-laravel12/laravel12-analytics-dashboard/vendor/laravel/framework/src/Illuminate/Session/Store.php(116): Illuminate/Session/Store->readFromHandler()
#11 F:/My Projects/advanced-analytics-dashboard-laravel12/laravel12-analytics-dashboard/vendor/laravel/framework/src/Illuminate/Session/Store.php(100): Illuminate/Session/Store->loadSession()
#12 F:/My Projects/advanced-analytics-dashboard-laravel12/laravel12-analytics-dashboard/vendor/laravel/framework/src/Illuminate/Session/Middleware/StartSession.php(146): Illuminate/Session/Store->start()
#13 F:/My Projects/advanced-analytics-dashboard-laravel12/laravel12-analytics-dashboard/vendor/laravel/framework/src/Illuminate/Support/helpers.php(393): Illuminate/Session/Middleware/StartSession->Illuminate/Session/Middleware/{closure}(Object(Illuminate/Session/Store))
#14 F:/My Projects/advanced-analytics-dashboard-laravel12/laravel12-analytics-dashboard/vendor/laravel/framework/src/Illuminate/Session/Middleware/StartSession.php(143): tap(Object(Illuminate/Session/Store), Object(Closure))
#15 F:/My Projects/advanced-analytics-dashboard-laravel12/laravel12-analytics-dashboard/vendor/laravel/framework/src/Illuminate/Session/Middleware/StartSession.php(115): Illuminate/Session/Middleware/StartSession->startSession(Object(Illuminate/Http/Request), Object(Illuminate/Session/Store))
#16 F:/My Projects/advanced-analytics-dashboard-laravel12/laravel12-analytics-dashboard/vendor/laravel/framework/src/Illuminate/Session/Middleware/StartSession.php(63): Illuminate/Session/Middleware/StartSession->handleStatefulRequest(Object(Illuminate/Http/Request), Object(Illuminate/Session/Store), Object(Closure))
#17 F:/My Projects/advanced-analytics-dashboard-laravel12/laravel12-analytics-dashboard/vendor/laravel/framework/src/Illuminate/Pipeline/Pipeline.php(219): Illuminate/Session/Middleware/StartSession->handle(Object(Illuminate/Http/Request), Object(Closure))
#18 F:/My Projects/advanced-analytics-dashboard-laravel12/laravel12-analytics-dashboard/vendor/laravel/framework/src/Illuminate/Cookie/Middleware/AddQueuedCookiesToResponse.php(36): Illuminate/Pipeline/Pipeline->Illuminate/Pipeline/{closure}(Object(Illuminate/Http/Request))
#19 F:/My Projects/advanced-analytics-dashboard-laravel12/laravel12-analytics-dashboard/vendor/laravel/framework/src/Illuminate/Pipeline/Pipeline.php(219): Illuminate/Cookie/Middleware/AddQueuedCookiesToResponse->handle(Object(Illuminate/Http/Request), Object(Closure))
#20 F:/My Projects/advanced-analytics-dashboard-laravel12/laravel12-analytics-dashboard/vendor/laravel/framework/src/Illuminate/Cookie/Middleware/EncryptCookies.php(74): Illuminate/Pipeline/Pipeline->Illuminate/Pipeline/{closure}(Object(Illuminate/Http/Request))
#21 F:/My Projects/advanced-analytics-dashboard-laravel12/laravel12-analytics-dashboard/vendor/laravel/framework/src/Illuminate/Pipeline/Pipeline.php(219): Illuminate/Cookie/Middleware/EncryptCookies->handle(Object(Illuminate/Http/Request), Object(Closure))
#22 F:/My Projects/advanced-analytics-dashboard-laravel12/laravel12-analytics-dashboard/vendor/laravel/framework/src/Illuminate/Pipeline/Pipeline.php(137): Illuminate/Pipeline/Pipeline->Illuminate/Pipeline/{closure}(Object(Illuminate/Http/Request))
#23 F:/My Projects/advanced-analytics-dashboard-laravel12/laravel12-analytics-dashboard/vendor/laravel/framework/src/Illuminate/Routing/Router.php(821): Illuminate/Pipeline/Pipeline->then(Object(Closure))
#24 F:/My Projects/advanced-analytics-dashboard-laravel12/laravel12-analytics-dashboard/vendor/laravel/framework/src/Illuminate/Routing/Router.php(800): Illuminate/Routing/Router->runRouteWithinStack(Object(Illuminate/Routing/Route), Object(Illuminate/Http/Request))
#25 F:/My Projects/advanced-analytics-dashboard-laravel12/laravel12-analytics-dashboard/vendor/laravel/framework/src/Illuminate/Routing/Router.php(764): Illuminate/Routing/Router->runRoute(Object(Illuminate/Http/Request), Object(Illuminate/Routing/Route))
#26 F:/My Projects/advanced-analytics-dashboard-laravel12/laravel12-analytics-dashboard/vendor/laravel/framework/src/Illuminate/Routing/Router.php(753): Illuminate/Routing/Router->dispatchToRoute(Object(Illuminate/Http/Request))
#27 F:/My Projects/advanced-analytics-dashboard-laravel12/laravel12-analytics-dashboard/vendor/laravel/framework/src/Illuminate/Foundation/Http/Kernel.php(200): Illuminate/Routing/Router->dispatch(Object(Illuminate/Http/Request))
#28 F:/My Projects/advanced-analytics-dashboard-laravel12/laravel12-analytics-dashboard/vendor/laravel/framework/src/Illuminate/Pipeline/Pipeline.php(180): Illuminate/Foundation/Http/Kernel->Illuminate/Foundation/Http/{closure}(Object(Illuminate/Http/Request))
#29 F:/My Projects/advanced-analytics-dashboard-laravel12/laravel12-analytics-dashboard/vendor/laravel/framework/src/Illuminate/Foundation/Http/Middleware/TransformsRequest.php(21): Illuminate/Pipeline/Pipeline->Illuminate/Pipeline/{closure}(Object(Illuminate/Http/Request))
#30 F:/My Projects/advanced-analytics-dashboard-laravel12/laravel12-analytics-dashboard/vendor/laravel/framework/src/Illuminate/Foundation/Http/Middleware/ConvertEmptyStringsToNull.php(31): Illuminate/Foundation/Http/Middleware/TransformsRequest->handle(Object(Illuminate/Http/Request), Object(Closure))
#31 F:/My Projects/advanced-analytics-dashboard-laravel12/laravel12-analytics-dashboard/vendor/laravel/framework/src/Illuminate/Pipeline/Pipeline.php(219): Illuminate/Foundation/Http/Middleware/ConvertEmptyStringsToNull->handle(Object(Illuminate/Http/Request), Object(Closure))
#32 F:/My Projects/advanced-analytics-dashboard-laravel12/laravel12-analytics-dashboard/vendor/laravel/framework/src/Illuminate/Foundation/Http/Middleware/TransformsRequest.php(21): Illuminate/Pipeline/Pipeline->Illuminate/Pipeline/{closure}(Object(Illuminate/Http/Request))
#33 F:/My Projects/advanced-analytics-dashboard-laravel12/laravel12-analytics-dashboard/vendor/laravel/framework/src/Illuminate/Foundation/Http/Middleware/TrimStrings.php(51): Illuminate/Foundation/Http/Middleware/TransformsRequest->handle(Object(Illuminate/Http/Request), Object(Closure))
#34 F:/My Projects/advanced-analytics-dashboard-laravel12/laravel12-analytics-dashboard/vendor/laravel/framework/src/Illuminate/Pipeline/Pipeline.php(219): Illuminate/Foundation/Http/Middleware/TrimStrings->handle(Object(Illuminate/Http/Request), Object(Closure))
#35 F:/My Projects/advanced-analytics-dashboard-laravel12/laravel12-analytics-dashboard/vendor/laravel/framework/src/Illuminate/Http/Middleware/ValidatePostSize.php(27): Illuminate/Pipeline/Pipeline->Illuminate/Pipeline/{closure}(Object(Illuminate/Http/Request))
#36 F:/My Projects/advanced-analytics-dashboard-laravel12/laravel12-analytics-dashboard/vendor/laravel/framework/src/Illuminate/Pipeline/Pipeline.php(219): Illuminate/Http/Middleware/ValidatePostSize->handle(Object(Illuminate/Http/Request), Object(Closure))
#37 F:/My Projects/advanced-analytics-dashboard-laravel12/laravel12-analytics-dashboard/vendor/laravel/framework/src/Illuminate/Foundation/Http/Middleware/PreventRequestsDuringMaintenance.php(109): Illuminate/Pipeline/Pipeline->Illuminate/Pipeline/{closure}(Object(Illuminate/Http/Request))
#38 F:/My Projects/advanced-analytics-dashboard-laravel12/laravel12-analytics-dashboard/vendor/laravel/framework/src/Illuminate/Pipeline/Pipeline.php(219): Illuminate/Foundation/Http/Middleware/PreventRequestsDuringMaintenance->handle(Object(Illuminate/Http/Request), Object(Closure))
#39 F:/My Projects/advanced-analytics-dashboard-laravel12/laravel12-analytics-dashboard/vendor/laravel/framework/src/Illuminate/Http/Middleware/HandleCors.php(61): Illuminate/Pipeline/Pipeline->Illuminate/Pipeline/{closure}(Object(Illuminate/Http/Request))
#40 F:/My Projects/advanced-analytics-dashboard-laravel12/laravel12-analytics-dashboard/vendor/laravel/framework/src/Illuminate/Pipeline/Pipeline.php(219): Illuminate/Http/Middleware/HandleCors->handle(Object(Illuminate/Http/Request), Object(Closure))
#41 F:/My Projects/advanced-analytics-dashboard-laravel12/laravel12-analytics-dashboard/vendor/laravel/framework/src/Illuminate/Http/Middleware/TrustProxies.php(58): Illuminate/Pipeline/Pipeline->Illuminate/Pipeline/{closure}(Object(Illuminate/Http/Request))
#42 F:/My Projects/advanced-analytics-dashboard-laravel12/laravel12-analytics-dashboard/vendor/laravel/framework/src/Illuminate/Pipeline/Pipeline.php(219): Illuminate/Http/Middleware/TrustProxies->handle(Object(Illuminate/Http/Request), Object(Closure))
#43 F:/My Projects/advanced-analytics-dashboard-laravel12/laravel12-analytics-dashboard/vendor/laravel/framework/src/Illuminate/Foundation/Http/Middleware/InvokeDeferredCallbacks.php(22): Illuminate/Pipeline/Pipeline->Illuminate/Pipeline/{closure}(Object(Illuminate/Http/Request))
#44 F:/My Projects/advanced-analytics-dashboard-laravel12/laravel12-analytics-dashboard/vendor/laravel/framework/src/Illuminate/Pipeline/Pipeline.php(219): Illuminate/Foundation/Http/Middleware/InvokeDeferredCallbacks->handle(Object(Illuminate/Http/Request), Object(Closure))
#45 F:/My Projects/advanced-analytics-dashboard-laravel12/laravel12-analytics-dashboard/vendor/laravel/framework/src/Illuminate/Http/Middleware/ValidatePathEncoding.php(26): Illuminate/Pipeline/Pipeline->Illuminate/Pipeline/{closure}(Object(Illuminate/Http/Request))
#46 F:/My Projects/advanced-analytics-dashboard-laravel12/laravel12-analytics-dashboard/vendor/laravel/framework/src/Illuminate/Pipeline/Pipeline.php(219): Illuminate/Http/Middleware/ValidatePathEncoding->handle(Object(Illuminate/Http/Request), Object(Closure))
#47 F:/My Projects/advanced-analytics-dashboard-laravel12/laravel12-analytics-dashboard/vendor/laravel/framework/src/Illuminate/Pipeline/Pipeline.php(137): Illuminate/Pipeline/Pipeline->Illuminate/Pipeline/{closure}(Object(Illuminate/Http/Request))
#48 F:/My Projects/advanced-analytics-dashboard-laravel12/laravel12-analytics-dashboard/vendor/laravel/framework/src/Illuminate/Foundation/Http/Kernel.php(175): Illuminate/Pipeline/Pipeline->then(Object(Closure))
#49 F:/My Projects/advanced-analytics-dashboard-laravel12/laravel12-analytics-dashboard/vendor/laravel/framework/src/Illuminate/Foundation/Http/Kernel.php(144): Illuminate/Foundation/Http/Kernel->sendRequestThroughRouter(Object(Illuminate/Http/Request))
#50 F:/My Projects/advanced-analytics-dashboard-laravel12/laravel12-analytics-dashboard/vendor/laravel/framework/src/Illuminate/Foundation/Application.php(1220): Illuminate/Foundation/Http/Kernel->handle(Object(Illuminate/Http/Request))
#51 F:/My Projects/advanced-analytics-dashboard-laravel12/laravel12-analytics-dashboard/public/index.php(6): Illuminate/Foundation/Application->handleRequest(Object(Illuminate/Http/Request))
#52 F:/My Projects/advanced-analytics-dashboard-laravel12/laravel12-analytics-dashboard/vendor/laravel/framework/src/Illuminate/Foundation/resources/server.php(23): require_once('F://My Projects//...')
#53 {main}

[previous exception] [object] (PDOException(code: 1049): SQLSTATE[HY000] [1049] Unknown database 'laravel' at F:/My Projects/advanced-analytics-dashboard-laravel12/laravel12-analytics-dashboard/vendor/laravel/framework/src/Illuminate/Database/Connectors/Connector.php:66)
[stacktrace]
#0 F:/My Projects/advanced-analytics-dashboard-laravel12/laravel12-analytics-dashboard/vendor/laravel/framework/src/Illuminate/Database/Connectors/Connector.php(66): PDO->__construct('mysql:host=127....', 'root', Object(SensitiveParameterValue), Array)
#1 F:/My Projects/advanced-analytics-dashboard-laravel12/laravel12-analytics-dashboard/vendor/laravel/framework/src/Illuminate/Database/Connectors/Connector.php(44): Illuminate/Database/Connectors/Connector->createPdoConnection('mysql:host=127....', 'root', Object(SensitiveParameterValue), Array)
#2 F:/My Projects/advanced-analytics-dashboard-laravel12/laravel12-analytics-dashboard/vendor/laravel/framework/src/Illuminate/Database/Connectors/MySqlConnector.php(24): Illuminate/Database/Connectors/Connector->createConnection('mysql:host=127....', Array, Array)
#3 F:/My Projects/advanced-analytics-dashboard-laravel12/laravel12-analytics-dashboard/vendor/laravel/framework/src/Illuminate/Database/Connectors/ConnectionFactory.php(186): Illuminate/Database/Connectors/MySqlConnector->connect(Array)
#4 [internal function]: Illuminate/Database/Connectors/ConnectionFactory->Illuminate/Database/Connectors/{closure}()
#5 F:/My Projects/advanced-analytics-dashboard-laravel12/laravel12-analytics-dashboard/vendor/laravel/framework/src/Illuminate/Database/Connection.php(1257): call_user_func(Object(Closure))
#6 F:/My Projects/advanced-analytics-dashboard-laravel12/laravel12-analytics-dashboard/vendor/laravel/framework/src/Illuminate/Database/Connection.php(525): Illuminate/Database/Connection->getPdo()
#7 F:/My Projects/advanced-analytics-dashboard-laravel12/laravel12-analytics-dashboard/vendor/laravel/framework/src/Illuminate/Database/Connection.php(420): Illuminate/Database/Connection->getPdoForSelect(false)
#8 F:/My Projects/advanced-analytics-dashboard-laravel12/laravel12-analytics-dashboard/vendor/laravel/framework/src/Illuminate/Database/Connection.php(827): Illuminate/Database/Connection->Illuminate/Database/{closure}('select * from `...', Array)
#9 F:/My Projects/advanced-analytics-dashboard-laravel12/laravel12-analytics-dashboard/vendor/laravel/framework/src/Illuminate/Database/Connection.php(794): Illuminate/Database/Connection->runQueryCallback('select * from `...', Array, Object(Closure))
#10 F:/My Projects/advanced-analytics-dashboard-laravel12/laravel12-analytics-dashboard/vendor/laravel/framework/src/Illuminate/Database/Connection.php(411): Illuminate/Database/Connection->run('select * from `...', Array, Object(Closure))
#11 F:/My Projects/advanced-analytics-dashboard-laravel12/laravel12-analytics-dashboard/vendor/laravel/framework/src/Illuminate/Database/Query/Builder.php(3505): Illuminate/Database/Connection->select('select * from `...', Array, false)
#12 F:/My Projects/advanced-analytics-dashboard-laravel12/laravel12-analytics-dashboard/vendor/laravel/framework/src/Illuminate/Database/Query/Builder.php(3490): Illuminate/Database/Query/Builder->runSelect()
#13 F:/My Projects/advanced-analytics-dashboard-laravel12/laravel12-analytics-dashboard/vendor/laravel/framework/src/Illuminate/Database/Query/Builder.php(4080): Illuminate/Database/Query/Builder->Illuminate/Database/Query/{closure}()
#14 F:/My Projects/advanced-analytics-dashboard-laravel12/laravel12-analytics-dashboard/vendor/laravel/framework/src/Illuminate/Database/Query/Builder.php(3489): Illuminate/Database/Query/Builder->onceWithColumns(Array, Object(Closure))
#15 F:/My Projects/advanced-analytics-dashboard-laravel12/laravel12-analytics-dashboard/vendor/laravel/framework/src/Illuminate/Database/Concerns/BuildsQueries.php(366): Illuminate/Database/Query/Builder->get(Array)
#16 F:/My Projects/advanced-analytics-dashboard-laravel12/laravel12-analytics-dashboard/vendor/laravel/framework/src/Illuminate/Database/Query/Builder.php(3412): Illuminate/Database/Query/Builder->first(Array)
#17 F:/My Projects/advanced-analytics-dashboard-laravel12/laravel12-analytics-dashboard/vendor/laravel/framework/src/Illuminate/Session/DatabaseSessionHandler.php(96): Illuminate/Database/Query/Builder->find('XXd6QdAWWRnvOyr...')
#18 F:/My Projects/advanced-analytics-dashboard-laravel12/laravel12-analytics-dashboard/vendor/laravel/framework/src/Illuminate/Session/Store.php(128): Illuminate/Session/DatabaseSessionHandler->read('XXd6QdAWWRnvOyr...')
#19 F:/My Projects/advanced-analytics-dashboard-laravel12/laravel12-analytics-dashboard/vendor/laravel/framework/src/Illuminate/Session/Store.php(116): Illuminate/Session/Store->readFromHandler()
#20 F:/My Projects/advanced-analytics-dashboard-laravel12/laravel12-analytics-dashboard/vendor/laravel/framework/src/Illuminate/Session/Store.php(100): Illuminate/Session/Store->loadSession()
#21 F:/My Projects/advanced-analytics-dashboard-laravel12/laravel12-analytics-dashboard/vendor/laravel/framework/src/Illuminate/Session/Middleware/StartSession.php(146): Illuminate/Session/Store->start()
#22 F:/My Projects/advanced-analytics-dashboard-laravel12/laravel12-analytics-dashboard/vendor/laravel/framework/src/Illuminate/Support/helpers.php(393): Illuminate/Session/Middleware/StartSession->Illuminate/Session/Middleware/{closure}(Object(Illuminate/Session/Store))
#23 F:/My Projects/advanced-analytics-dashboard-laravel12/laravel12-analytics-dashboard/vendor/laravel/framework/src/Illuminate/Session/Middleware/StartSession.php(143): tap(Object(Illuminate/Session/Store), Object(Closure))
#24 F:/My Projects/advanced-analytics-dashboard-laravel12/laravel12-analytics-dashboard/vendor/laravel/framework/src/Illuminate/Session/Middleware/StartSession.php(115): Illuminate/Session/Middleware/StartSession->startSession(Object(Illuminate/Http/Request), Object(Illuminate/Session/Store))
#25 F:/My Projects/advanced-analytics-dashboard-laravel12/laravel12-analytics-dashboard/vendor/laravel/framework/src/Illuminate/Session/Middleware/StartSession.php(63): Illuminate/Session/Middleware/StartSession->handleStatefulRequest(Object(Illuminate/Http/Request), Object(Illuminate/Session/Store), Object(Closure))
#26 F:/My Projects/advanced-analytics-dashboard-laravel12/laravel12-analytics-dashboard/vendor/laravel/framework/src/Illuminate/Pipeline/Pipeline.php(219): Illuminate/Session/Middleware/StartSession->handle(Object(Illuminate/Http/Request), Object(Closure))
#27 F:/My Projects/advanced-analytics-dashboard-laravel12/laravel12-analytics-dashboard/vendor/laravel/framework/src/Illuminate/Cookie/Middleware/AddQueuedCookiesToResponse.php(36): Illuminate/Pipeline/Pipeline->Illuminate/Pipeline/{closure}(Object(Illuminate/Http/Request))
#28 F:/My Projects/advanced-analytics-dashboard-laravel12/laravel12-analytics-dashboard/vendor/laravel/framework/src/Illuminate/Pipeline/Pipeline.php(219): Illuminate/Cookie/Middleware/AddQueuedCookiesToResponse->handle(Object(Illuminate/Http/Request), Object(Closure))
#29 F:/My Projects/advanced-analytics-dashboard-laravel12/laravel12-analytics-dashboard/vendor/laravel/framework/src/Illuminate/Cookie/Middleware/EncryptCookies.php(74): Illuminate/Pipeline/Pipeline->Illuminate/Pipeline/{closure}(Object(Illuminate/Http/Request))
#30 F:/My Projects/advanced-analytics-dashboard-laravel12/laravel12-analytics-dashboard/vendor/laravel/framework/src/Illuminate/Pipeline/Pipeline.php(219): Illuminate/Cookie/Middleware/EncryptCookies->handle(Object(Illuminate/Http/Request), Object(Closure))
#31 F:/My Projects/advanced-analytics-dashboard-laravel12/laravel12-analytics-dashboard/vendor/laravel/framework/src/Illuminate/Pipeline/Pipeline.php(137): Illuminate/Pipeline/Pipeline->Illuminate/Pipeline/{closure}(Object(Illuminate/Http/Request))
#32 F:/My Projects/advanced-analytics-dashboard-laravel12/laravel12-analytics-dashboard/vendor/laravel/framework/src/Illuminate/Routing/Router.php(821): Illuminate/Pipeline/Pipeline->then(Object(Closure))
#33 F:/My Projects/advanced-analytics-dashboard-laravel12/laravel12-analytics-dashboard/vendor/laravel/framework/src/Illuminate/Routing/Router.php(800): Illuminate/Routing/Router->runRouteWithinStack(Object(Illuminate/Routing/Route), Object(Illuminate/Http/Request))
#34 F:/My Projects/advanced-analytics-dashboard-laravel12/laravel12-analytics-dashboard/vendor/laravel/framework/src/Illuminate/Routing/Router.php(764): Illuminate/Routing/Router->runRoute(Object(Illuminate/Http/Request), Object(Illuminate/Routing/Route))
#35 F:/My Projects/advanced-analytics-dashboard-laravel12/laravel12-analytics-dashboard/vendor/laravel/framework/src/Illuminate/Routing/Router.php(753): Illuminate/Routing/Router->dispatchToRoute(Object(Illuminate/Http/Request))
#36 F:/My Projects/advanced-analytics-dashboard-laravel12/laravel12-analytics-dashboard/vendor/laravel/framework/src/Illuminate/Foundation/Http/Kernel.php(200): Illuminate/Routing/Router->dispatch(Object(Illuminate/Http/Request))
#37 F:/My Projects/advanced-analytics-dashboard-laravel12/laravel12-analytics-dashboard/vendor/laravel/framework/src/Illuminate/Pipeline/Pipeline.php(180): Illuminate/Foundation/Http/Kernel->Illuminate/Foundation/Http/{closure}(Object(Illuminate/Http/Request))
#38 F:/My Projects/advanced-analytics-dashboard-laravel12/laravel12-analytics-dashboard/vendor/laravel/framework/src/Illuminate/Foundation/Http/Middleware/TransformsRequest.php(21): Illuminate/Pipeline/Pipeline->Illuminate/Pipeline/{closure}(Object(Illuminate/Http/Request))
#39 F:/My Projects/advanced-analytics-dashboard-laravel12/laravel12-analytics-dashboard/vendor/laravel/framework/src/Illuminate/Foundation/Http/Middleware/ConvertEmptyStringsToNull.php(31): Illuminate/Foundation/Http/Middleware/TransformsRequest->handle(Object(Illuminate/Http/Request), Object(Closure))
#40 F:/My Projects/advanced-analytics-dashboard-laravel12/laravel12-analytics-dashboard/vendor/laravel/framework/src/Illuminate/Pipeline/Pipeline.php(219): Illuminate/Foundation/Http/Middleware/ConvertEmptyStringsToNull->handle(Object(Illuminate/Http/Request), Object(Closure))
#41 F:/My Projects/advanced-analytics-dashboard-laravel12/laravel12-analytics-dashboard/vendor/laravel/framework/src/Illuminate/Foundation/Http/Middleware/TransformsRequest.php(21): Illuminate/Pipeline/Pipeline->Illuminate/Pipeline/{closure}(Object(Illuminate/Http/Request))
#42 F:/My Projects/advanced-analytics-dashboard-laravel12/laravel12-analytics-dashboard/vendor/laravel/framework/src/Illuminate/Foundation/Http/Middleware/TrimStrings.php(51): Illuminate/Foundation/Http/Middleware/TransformsRequest->handle(Object(Illuminate/Http/Request), Object(Closure))
#43 F:/My Projects/advanced-analytics-dashboard-laravel12/laravel12-analytics-dashboard/vendor/laravel/framework/src/Illuminate/Pipeline/Pipeline.php(219): Illuminate/Foundation/Http/Middleware/TrimStrings->handle(Object(Illuminate/Http/Request), Object(Closure))
#44 F:/My Projects/advanced-analytics-dashboard-laravel12/laravel12-analytics-dashboard/vendor/laravel/framework/src/Illuminate/Http/Middleware/ValidatePostSize.php(27): Illuminate/Pipeline/Pipeline->Illuminate/Pipeline/{closure}(Object(Illuminate/Http/Request))
#45 F:/My Projects/advanced-analytics-dashboard-laravel12/laravel12-analytics-dashboard/vendor/laravel/framework/src/Illuminate/Pipeline/Pipeline.php(219): Illuminate/Http/Middleware/ValidatePostSize->handle(Object(Illuminate/Http/Request), Object(Closure))
#46 F:/My Projects/advanced-analytics-dashboard-laravel12/laravel12-analytics-dashboard/vendor/laravel/framework/src/Illuminate/Foundation/Http/Middleware/PreventRequestsDuringMaintenance.php(109): Illuminate/Pipeline/Pipeline->Illuminate/Pipeline/{closure}(Object(Illuminate/Http/Request))
#47 F:/My Projects/advanced-analytics-dashboard-laravel12/laravel12-analytics-dashboard/vendor/laravel/framework/src/Illuminate/Pipeline/Pipeline.php(219): Illuminate/Foundation/Http/Middleware/PreventRequestsDuringMaintenance->handle(Object(Illuminate/Http/Request), Object(Closure))
#48 F:/My Projects/advanced-analytics-dashboard-laravel12/laravel12-analytics-dashboard/vendor/laravel/framework/src/Illuminate/Http/Middleware/HandleCors.php(61): Illuminate/Pipeline/Pipeline->Illuminate/Pipeline/{closure}(Object(Illuminate/Http/Request))
#49 F:/My Projects/advanced-analytics-dashboard-laravel12/laravel12-analytics-dashboard/vendor/laravel/framework/src/Illuminate/Pipeline/Pipeline.php(219): Illuminate/Http/Middleware/HandleCors->handle(Object(Illuminate/Http/Request), Object(Closure))
#50 F:/My Projects/advanced-analytics-dashboard-laravel12/laravel12-analytics-dashboard/vendor/laravel/framework/src/Illuminate/Http/Middleware/TrustProxies.php(58): Illuminate/Pipeline/Pipeline->Illuminate/Pipeline/{closure}(Object(Illuminate/Http/Request))
#51 F:/My Projects/advanced-analytics-dashboard-laravel12/laravel12-analytics-dashboard/vendor/laravel/framework/src/Illuminate/Pipeline/Pipeline.php(219): Illuminate/Http/Middleware/TrustProxies->handle(Object(Illuminate/Http/Request), Object(Closure))
#52 F:/My Projects/advanced-analytics-dashboard-laravel12/laravel12-analytics-dashboard/vendor/laravel/framework/src/Illuminate/Foundation/Http/Middleware/InvokeDeferredCallbacks.php(22): Illuminate/Pipeline/Pipeline->Illuminate/Pipeline/{closure}(Object(Illuminate/Http/Request))
#53 F:/My Projects/advanced-analytics-dashboard-laravel12/laravel12-analytics-dashboard/vendor/laravel/framework/src/Illuminate/Pipeline/Pipeline.php(219): Illuminate/Foundation/Http/Middleware/InvokeDeferredCallbacks->handle(Object(Illuminate/Http/Request), Object(Closure))
#54 F:/My Projects/advanced-analytics-dashboard-laravel12/laravel12-analytics-dashboard/vendor/laravel/framework/src/Illuminate/Http/Middleware/ValidatePathEncoding.php(26): Illuminate/Pipeline/Pipeline->Illuminate/Pipeline/{closure}(Object(Illuminate/Http/Request))
#55 F:/My Projects/advanced-analytics-dashboard-laravel12/laravel12-analytics-dashboard/vendor/laravel/framework/src/Illuminate/Pipeline/Pipeline.php(219): Illuminate/Http/Middleware/ValidatePathEncoding->handle(Object(Illuminate/Http/Request), Object(Closure))
#56 F:/My Projects/advanced-analytics-dashboard-laravel12/laravel12-analytics-dashboard/vendor/laravel/framework/src/Illuminate/Pipeline/Pipeline.php(137): Illuminate/Pipeline/Pipeline->Illuminate/Pipeline/{closure}(Object(Illuminate/Http/Request))
#57 F:/My Projects/advanced-analytics-dashboard-laravel12/laravel12-analytics-dashboard/vendor/laravel/framework/src/Illuminate/Foundation/Http/Kernel.php(175): Illuminate/Pipeline/Pipeline->then(Object(Closure))
#58 F:/My Projects/advanced-analytics-dashboard-laravel12/laravel12-analytics-dashboard/vendor/laravel/framework/src/Illuminate/Foundation/Http/Kernel.php(144): Illuminate/Foundation/Http/Kernel->sendRequestThroughRouter(Object(Illuminate/Http/Request))
#59 F:/My Projects/advanced-analytics-dashboard-laravel12/laravel12-analytics-dashboard/vendor/laravel/framework/src/Illuminate/Foundation/Application.php(1220): Illuminate/Foundation/Http/Kernel->handle(Object(Illuminate/Http/Request))
#60 F:/My Projects/advanced-analytics-dashboard-laravel12/laravel12-analytics-dashboard/public/index.php(6): Illuminate/Foundation/Application->handleRequest(Object(Illuminate/Http/Request))
#61 F:/My Projects/advanced-analytics-dashboard-laravel12/laravel12-analytics-dashboard/vendor/laravel/framework/src/Illuminate/Foundation/resources/server.php(23): require_once('F://My Projects//...')
#62 {main}
"} 
[2026-09-05 13:27:48] local.ERROR: SQLSTATE[HY000] [1049] Unknown database 'laravel' (Connection: mysql, Host: 127.0.0.1, Port: 3306, Database: laravel, SQL: select * from `sessions` where `id` = XXd6QdAWWRnvOyr9p5loFaj7S7JkbPs2vWgLL3Vn limit 1) {"exception":"[object] (Illuminate\\Database\\QueryException(code: 1049): SQLSTATE[HY000] [1049] Unknown database 'laravel' (Connection: mysql, Host: 127.0.0.1, Port: 3306, Database: laravel, SQL: select * from `sessions` where `id` = XXd6QdAWWRnvOyr9p5loFaj7S7JkbPs2vWgLL3Vn limit 1) at F:/My Projects/advanced-analytics-dashboard-laravel12/laravel12-analytics-dashboard/vendor/laravel/framework/src/Illuminate/Database/Connection.php:838)
[stacktrace]
#0 F:/My Projects/advanced-analytics-dashboard-laravel12/laravel12-analytics-dashboard/vendor/laravel/framework/src/Illuminate/Database/Connection.php(794): Illuminate/Database/Connection->runQueryCallback('select * from `...', Array, Object(Closure))
#1 F:/My Projects/advanced-analytics-dashboard-laravel12/laravel12-analytics-dashboard/vendor/laravel/framework/src/Illuminate/Database/Connection.php(411): Illuminate/Database/Connection->run('select * from `...', Array, Object(Closure))
#2 F:/My Projects/advanced-analytics-dashboard-laravel12/laravel12-analytics-dashboard/vendor/laravel/framework/src/Illuminate/Database/Query/Builder.php(3505): Illuminate/Database/Connection->select('select * from `...', Array, false)
#3 F:/My Projects/advanced-analytics-dashboard-laravel12/laravel12-analytics-dashboard/vendor/laravel/framework/src/Illuminate/Database/Query/Builder.php(3490): Illuminate/Database/Query/Builder->runSelect()
#4 F:/My Projects/advanced-analytics-dashboard-laravel12/laravel12-analytics-dashboard/vendor/laravel/framework/src/Illuminate/Database/Query/Builder.php(4080): Illuminate/Database/Query/Builder->Illuminate/Database/Query/{closure}()
#5 F:/My Projects/advanced-analytics-dashboard-laravel12/laravel12-analytics-dashboard/vendor/laravel/framework/src/Illuminate/Database/Query/Builder.php(3489): Illuminate/Database/Query/Builder->onceWithColumns(Array, Object(Closure))
#6 F:/My Projects/advanced-analytics-dashboard-laravel12/laravel12-analytics-dashboard/vendor/laravel/framework/src/Illuminate/Database/Concerns/BuildsQueries.php(366): Illuminate/Database/Query/Builder->get(Array)
#7 F:/My Projects/advanced-analytics-dashboard-laravel12/laravel12-analytics-dashboard/vendor/laravel/framework/src/Illuminate/Database/Query/Builder.php(3412): Illuminate/Database/Query/Builder->first(Array)
#8 F:/My Projects/advanced-analytics-dashboard-laravel12/laravel12-analytics-dashboard/vendor/laravel/framework/src/Illuminate/Session/DatabaseSessionHandler.php(96): Illuminate/Database/Query/Builder->find('XXd6QdAWWRnvOyr...')
#9 F:/My Projects/advanced-analytics-dashboard-laravel12/laravel12-analytics-dashboard/vendor/laravel/framework/src/Illuminate/Session/Store.php(128): Illuminate/Session/DatabaseSessionHandler->read('XXd6QdAWWRnvOyr...')
#10 F:/My Projects/advanced-analytics-dashboard-laravel12/laravel12-analytics-dashboard/vendor/laravel/framework/src/Illuminate/Session/Store.php(116): Illuminate/Session/Store->readFromHandler()
#11 F:/My Projects/advanced-analytics-dashboard-laravel12/laravel12-analytics-dashboard/vendor/laravel/framework/src/Illuminate/Session/Store.php(100): Illuminate/Session/Store->loadSession()
#12 F:/My Projects/advanced-analytics-dashboard-laravel12/laravel12-analytics-dashboard/vendor/laravel/framework/src/Illuminate/Session/Middleware/StartSession.php(146): Illuminate/Session/Store->start()
#13 F:/My Projects/advanced-analytics-dashboard-laravel12/laravel12-analytics-dashboard/vendor/laravel/framework/src/Illuminate/Support/helpers.php(393): Illuminate/Session/Middleware/StartSession->Illuminate/Session/Middleware/{closure}(Object(Illuminate/Session/Store))
#14 F:/My Projects/advanced-analytics-dashboard-laravel12/laravel12-analytics-dashboard/vendor/laravel/framework/src/Illuminate/Session/Middleware/StartSession.php(143): tap(Object(Illuminate/Session/Store), Object(Closure))
#15 F:/My Projects/advanced-analytics-dashboard-laravel12/laravel12-analytics-dashboard/vendor/laravel/framework/src/Illuminate/Session/Middleware/StartSession.php(115): Illuminate/Session/Middleware/StartSession->startSession(Object(Illuminate/Http/Request), Object(Illuminate/Session/Store))
#16 F:/My Projects/advanced-analytics-dashboard-laravel12/laravel12-analytics-dashboard/vendor/laravel/framework/src/Illuminate/Session/Middleware/StartSession.php(63): Illuminate/Session/Middleware/StartSession->handleStatefulRequest(Object(Illuminate/Http/Request), Object(Illuminate/Session/Store), Object(Closure))
#17 F:/My Projects/advanced-analytics-dashboard-laravel12/laravel12-analytics-dashboard/vendor/laravel/framework/src/Illuminate/Pipeline/Pipeline.php(219): Illuminate/Session/Middleware/StartSession->handle(Object(Illuminate/Http/Request), Object(Closure))
#18 F:/My Projects/advanced-analytics-dashboard-laravel12/laravel12-analytics-dashboard/vendor/laravel/framework/src/Illuminate/Cookie/Middleware/AddQueuedCookiesToResponse.php(36): Illuminate/Pipeline/Pipeline->Illuminate/Pipeline/{closure}(Object(Illuminate/Http/Request))
#19 F:/My Projects/advanced-analytics-dashboard-laravel12/laravel12-analytics-dashboard/vendor/laravel/framework/src/Illuminate/Pipeline/Pipeline.php(219): Illuminate/Cookie/Middleware/AddQueuedCookiesToResponse->handle(Object(Illuminate/Http/Request), Object(Closure))
#20 F:/My Projects/advanced-analytics-dashboard-laravel12/laravel12-analytics-dashboard/vendor/laravel/framework/src/Illuminate/Cookie/Middleware/EncryptCookies.php(74): Illuminate/Pipeline/Pipeline->Illuminate/Pipeline/{closure}(Object(Illuminate/Http/Request))
#21 F:/My Projects/advanced-analytics-dashboard-laravel12/laravel12-analytics-dashboard/vendor/laravel/framework/src/Illuminate/Pipeline/Pipeline.php(219): Illuminate/Cookie/Middleware/EncryptCookies->handle(Object(Illuminate/Http/Request), Object(Closure))
#22 F:/My Projects/advanced-analytics-dashboard-laravel12/laravel12-analytics-dashboard/vendor/laravel/framework/src/Illuminate/Pipeline/Pipeline.php(137): Illuminate/Pipeline/Pipeline->Illuminate/Pipeline/{closure}(Object(Illuminate/Http/Request))
#23 F:/My Projects/advanced-analytics-dashboard-laravel12/laravel12-analytics-dashboard/vendor/laravel/framework/src/Illuminate/Routing/Router.php(821): Illuminate/Pipeline/Pipeline->then(Object(Closure))
#24 F:/My Projects/advanced-analytics-dashboard-laravel12/laravel12-analytics-dashboard/vendor/laravel/framework/src/Illuminate/Routing/Router.php(800): Illuminate/Routing/Router->runRouteWithinStack(Object(Illuminate/Routing/Route), Object(Illuminate/Http/Request))
#25 F:/My Projects/advanced-analytics-dashboard-laravel12/laravel12-analytics-dashboard/vendor/laravel/framework/src/Illuminate/Routing/Router.php(764): Illuminate/Routing/Router->runRoute(Object(Illuminate/Http/Request), Object(Illuminate/Routing/Route))
#26 F:/My Projects/advanced-analytics-dashboard-laravel12/laravel12-analytics-dashboard/vendor/laravel/framework/src/Illuminate/Routing/Router.php(753): Illuminate/Routing/Router->dispatchToRoute(Object(Illuminate/Http/Request))
#27 F:/My Projects/advanced-analytics-dashboard-laravel12/laravel12-analytics-dashboard/vendor/laravel/framework/src/Illuminate/Foundation/Http/Kernel.php(200): Illuminate/Routing/Router->dispatch(Object(Illuminate/Http/Request))
#28 F:/My Projects/advanced-analytics-dashboard-laravel12/laravel12-analytics-dashboard/vendor/laravel/framework/src/Illuminate/Pipeline/Pipeline.php(180): Illuminate/Foundation/Http/Kernel->Illuminate/Foundation/Http/{closure}(Object(Illuminate/Http/Request))
#29 F:/My Projects/advanced-analytics-dashboard-laravel12/laravel12-analytics-dashboard/vendor/laravel/framework/src/Illuminate/Foundation/Http/Middleware/TransformsRequest.php(21): Illuminate/Pipeline/Pipeline->Illuminate/Pipeline/{closure}(Object(Illuminate/Http/Request))
#30 F:/My Projects/advanced-analytics-dashboard-laravel12/laravel12-analytics-dashboard/vendor/laravel/framework/src/Illuminate/Foundation/Http/Middleware/ConvertEmptyStringsToNull.php(31): Illuminate/Foundation/Http/Middleware/TransformsRequest->handle(Object(Illuminate/Http/Request), Object(Closure))
#31 F:/My Projects/advanced-analytics-dashboard-laravel12/laravel12-analytics-dashboard/vendor/laravel/framework/src/Illuminate/Pipeline/Pipeline.php(219): Illuminate/Foundation/Http/Middleware/ConvertEmptyStringsToNull->handle(Object(Illuminate/Http/Request), Object(Closure))
#32 F:/My Projects/advanced-analytics-dashboard-laravel12/laravel12-analytics-dashboard/vendor/laravel/framework/src/Illuminate/Foundation/Http/Middleware/TransformsRequest.php(21): Illuminate/Pipeline/Pipeline->Illuminate/Pipeline/{closure}(Object(Illuminate/Http/Request))
#33 F:/My Projects/advanced-analytics-dashboard-laravel12/laravel12-analytics-dashboard/vendor/laravel/framework/src/Illuminate/Foundation/Http/Middleware/TrimStrings.php(51): Illuminate/Foundation/Http/Middleware/TransformsRequest->handle(Object(Illuminate/Http/Request), Object(Closure))
#34 F:/My Projects/advanced-analytics-dashboard-laravel12/laravel12-analytics-dashboard/vendor/laravel/framework/src/Illuminate/Pipeline/Pipeline.php(219): Illuminate/Foundation/Http/Middleware/TrimStrings->handle(Object(Illuminate/Http/Request), Object(Closure))
#35 F:/My Projects/advanced-analytics-dashboard-laravel12/laravel12-analytics-dashboard/vendor/laravel/framework/src/Illuminate/Http/Middleware/ValidatePostSize.php(27): Illuminate/Pipeline/Pipeline->Illuminate/Pipeline/{closure}(Object(Illuminate/Http/Request))
#36 F:/My Projects/advanced-analytics-dashboard-laravel12/laravel12-analytics-dashboard/vendor/laravel/framework/src/Illuminate/Pipeline/Pipeline.php(219): Illuminate/Http/Middleware/ValidatePostSize->handle(Object(Illuminate/Http/Request), Object(Closure))
#37 F:/My Projects/advanced-analytics-dashboard-laravel12/laravel12-analytics-dashboard/vendor/laravel/framework/src/Illuminate/Foundation/Http/Middleware/PreventRequestsDuringMaintenance.php(109): Illuminate/Pipeline/Pipeline->Illuminate/Pipeline/{closure}(Object(Illuminate/Http/Request))
#38 F:/My Projects/advanced-analytics-dashboard-laravel12/laravel12-analytics-dashboard/vendor/laravel/framework/src/Illuminate/Pipeline/Pipeline.php(219): Illuminate/Foundation/Http/Middleware/PreventRequestsDuringMaintenance->handle(Object(Illuminate/Http/Request), Object(Closure))
#39 F:/My Projects/advanced-analytics-dashboard-laravel12/laravel12-analytics-dashboard/vendor/laravel/framework/src/Illuminate/Http/Middleware/HandleCors.php(61): Illuminate/Pipeline/Pipeline->Illuminate/Pipeline/{closure}(Object(Illuminate/Http/Request))
#40 F:/My Projects/advanced-analytics-dashboard-laravel12/laravel12-analytics-dashboard/vendor/laravel/framework/src/Illuminate/Pipeline/Pipeline.php(219): Illuminate/Http/Middleware/HandleCors->handle(Object(Illuminate/Http/Request), Object(Closure))
#41 F:/My Projects/advanced-analytics-dashboard-laravel12/laravel12-analytics-dashboard/vendor/laravel/framework/src/Illuminate/Http/Middleware/TrustProxies.php(58): Illuminate/Pipeline/Pipeline->Illuminate/Pipeline/{closure}(Object(Illuminate/Http/Request))
#42 F:/My Projects/advanced-analytics-dashboard-laravel12/laravel12-analytics-dashboard/vendor/laravel/framework/src/Illuminate/Pipeline/Pipeline.php(219): Illuminate/Http/Middleware/TrustProxies->handle(Object(Illuminate/Http/Request), Object(Closure))
#43 F:/My Projects/advanced-analytics-dashboard-laravel12/laravel12-analytics-dashboard/vendor/laravel/framework/src/Illuminate/Foundation/Http/Middleware/InvokeDeferredCallbacks.php(22): Illuminate/Pipeline/Pipeline->Illuminate/Pipeline/{closure}(Object(Illuminate/Http/Request))
#44 F:/My Projects/advanced-analytics-dashboard-laravel12/laravel12-analytics-dashboard/vendor/laravel/framework/src/Illuminate/Pipeline/Pipeline.php(219): Illuminate/Foundation/Http/Middleware/InvokeDeferredCallbacks->handle(Object(Illuminate/Http/Request), Object(Closure))
#45 F:/My Projects/advanced-analytics-dashboard-laravel12/laravel12-analytics-dashboard/vendor/laravel/framework/src/Illuminate/Http/Middleware/ValidatePathEncoding.php(26): Illuminate/Pipeline/Pipeline->Illuminate/Pipeline/{closure}(Object(Illuminate/Http/Request))
#46 F:/My Projects/advanced-analytics-dashboard-laravel12/laravel12-analytics-dashboard/vendor/laravel/framework/src/Illuminate/Pipeline/Pipeline.php(219): Illuminate/Http/Middleware/ValidatePathEncoding->handle(Object(Illuminate/Http/Request), Object(Closure))
#47 F:/My Projects/advanced-analytics-dashboard-laravel12/laravel12-analytics-dashboard/vendor/laravel/framework/src/Illuminate/Pipeline/Pipeline.php(137): Illuminate/Pipeline/Pipeline->Illuminate/Pipeline/{closure}(Object(Illuminate/Http/Request))
#48 F:/My Projects/advanced-analytics-dashboard-laravel12/laravel12-analytics-dashboard/vendor/laravel/framework/src/Illuminate/Foundation/Http/Kernel.php(175): Illuminate/Pipeline/Pipeline->then(Object(Closure))
#49 F:/My Projects/advanced-analytics-dashboard-laravel12/laravel12-analytics-dashboard/vendor/laravel/framework/src/Illuminate/Foundation/Http/Kernel.php(144): Illuminate/Foundation/Http/Kernel->sendRequestThroughRouter(Object(Illuminate/Http/Request))
#50 F:/My Projects/advanced-analytics-dashboard-laravel12/laravel12-analytics-dashboard/vendor/laravel/framework/src/Illuminate/Foundation/Application.php(1220): Illuminate/Foundation/Http/Kernel->handle(Object(Illuminate/Http/Request))
#51 F:/My Projects/advanced-analytics-dashboard-laravel12/laravel12-analytics-dashboard/public/index.php(6): Illuminate/Foundation/Application->handleRequest(Object(Illuminate/Http/Request))
#52 F:/My Projects/advanced-analytics-dashboard-laravel12/laravel12-analytics-dashboard/vendor/laravel/framework/src/Illuminate/Foundation/resources/server.php(23): require_once('F://My Projects//...')
#53 {main}

[previous exception] [object] (PDOException(code: 1049): SQLSTATE[HY000] [1049] Unknown database 'laravel' at F:/My Projects/advanced-analytics-dashboard-laravel12/laravel12-analytics-dashboard/vendor/laravel/framework/src/Illuminate/Database/Connectors/Connector.php:66)
[stacktrace]
#0 F:/My Projects/advanced-analytics-dashboard-laravel12/laravel12-analytics-dashboard/vendor/laravel/framework/src/Illuminate/Database/Connectors/Connector.php(66): PDO->__construct('mysql:host=127....', 'root', Object(SensitiveParameterValue), Array)
#1 F:/My Projects/advanced-analytics-dashboard-laravel12/laravel12-analytics-dashboard/vendor/laravel/framework/src/Illuminate/Database/Connectors/Connector.php(44): Illuminate/Database/Connectors/Connector->createPdoConnection('mysql:host=127....', 'root', Object(SensitiveParameterValue), Array)
#2 F:/My Projects/advanced-analytics-dashboard-laravel12/laravel12-analytics-dashboard/vendor/laravel/framework/src/Illuminate/Database/Connectors/MySqlConnector.php(24): Illuminate/Database/Connectors/Connector->createConnection('mysql:host=127....', Array, Array)
#3 F:/My Projects/advanced-analytics-dashboard-laravel12/laravel12-analytics-dashboard/vendor/laravel/framework/src/Illuminate/Database/Connectors/ConnectionFactory.php(186): Illuminate/Database/Connectors/MySqlConnector->connect(Array)
#4 [internal function]: Illuminate/Database/Connectors/ConnectionFactory->Illuminate/Database/Connectors/{closure}()
#5 F:/My Projects/advanced-analytics-dashboard-laravel12/laravel12-analytics-dashboard/vendor/laravel/framework/src/Illuminate/Database/Connection.php(1257): call_user_func(Object(Closure))
#6 F:/My Projects/advanced-analytics-dashboard-laravel12/laravel12-analytics-dashboard/vendor/laravel/framework/src/Illuminate/Database/Connection.php(525): Illuminate/Database/Connection->getPdo()
#7 F:/My Projects/advanced-analytics-dashboard-laravel12/laravel12-analytics-dashboard/vendor/laravel/framework/src/Illuminate/Database/Connection.php(420): Illuminate/Database/Connection->getPdoForSelect(false)
#8 F:/My Projects/advanced-analytics-dashboard-laravel12/laravel12-analytics-dashboard/vendor/laravel/framework/src/Illuminate/Database/Connection.php(827): Illuminate/Database/Connection->Illuminate/Database/{closure}('select * from `...', Array)
#9 F:/My Projects/advanced-analytics-dashboard-laravel12/laravel12-analytics-dashboard/vendor/laravel/framework/src/Illuminate/Database/Connection.php(794): Illuminate/Database/Connection->runQueryCallback('select * from `...', Array, Object(Closure))
#10 F:/My Projects/advanced-analytics-dashboard-laravel12/laravel12-analytics-dashboard/vendor/laravel/framework/src/Illuminate/Database/Connection.php(411): Illuminate/Database/Connection->run('select * from `...', Array, Object(Closure))
#11 F:/My Projects/advanced-analytics-dashboard-laravel12/laravel12-analytics-dashboard/vendor/laravel/framework/src/Illuminate/Database/Query/Builder.php(3505): Illuminate/Database/Connection->select('select * from `...', Array, false)
#12 F:/My Projects/advanced-analytics-dashboard-laravel12/laravel12-analytics-dashboard/vendor/laravel/framework/src/Illuminate/Database/Query/Builder.php(3490): Illuminate/Database/Query/Builder->runSelect()
#13 F:/My Projects/advanced-analytics-dashboard-laravel12/laravel12-analytics-dashboard/vendor/laravel/framework/src/Illuminate/Database/Query/Builder.php(4080): Illuminate/Database/Query/Builder->Illuminate/Database/Query/{closure}()
#14 F:/My Projects/advanced-analytics-dashboard-laravel12/laravel12-analytics-dashboard/vendor/laravel/framework/src/Illuminate/Database/Query/Builder.php(3489): Illuminate/Database/Query/Builder->onceWithColumns(Array, Object(Closure))
#15 F:/My Projects/advanced-analytics-dashboard-laravel12/laravel12-analytics-dashboard/vendor/laravel/framework/src/Illuminate/Database/Concerns/BuildsQueries.php(366): Illuminate/Database/Query/Builder->get(Array)
#16 F:/My Projects/advanced-analytics-dashboard-laravel12/laravel12-analytics-dashboard/vendor/laravel/framework/src/Illuminate/Database/Query/Builder.php(3412): Illuminate/Database/Query/Builder->first(Array)
#17 F:/My Projects/advanced-analytics-dashboard-laravel12/laravel12-analytics-dashboard/vendor/laravel/framework/src/Illuminate/Session/DatabaseSessionHandler.php(96): Illuminate/Database/Query/Builder->find('XXd6QdAWWRnvOyr...')
#18 F:/My Projects/advanced-analytics-dashboard-laravel12/laravel12-analytics-dashboard/vendor/laravel/framework/src/Illuminate/Session/Store.php(128): Illuminate/Session/DatabaseSessionHandler->read('XXd6QdAWWRnvOyr...')
#19 F:/My Projects/advanced-analytics-dashboard-laravel12/laravel12-analytics-dashboard/vendor/laravel/framework/src/Illuminate/Session/Store.php(116): Illuminate/Session/Store->readFromHandler()
#20 F:/My Projects/advanced-analytics-dashboard-laravel12/laravel12-analytics-dashboard/vendor/laravel/framework/src/Illuminate/Session/Store.php(100): Illuminate/Session/Store->loadSession()
#21 F:/My Projects/advanced-analytics-dashboard-laravel12/laravel12-analytics-dashboard/vendor/laravel/framework/src/Illuminate/Session/Middleware/StartSession.php(146): Illuminate/Session/Store->start()
#22 F:/My Projects/advanced-analytics-dashboard-laravel12/laravel12-analytics-dashboard/vendor/laravel/framework/src/Illuminate/Support/helpers.php(393): Illuminate/Session/Middleware/StartSession->Illuminate/Session/Middleware/{closure}(Object(Illuminate/Session/Store))
#23 F:/My Projects/advanced-analytics-dashboard-laravel12/laravel12-analytics-dashboard/vendor/laravel/framework/src/Illuminate/Session/Middleware/StartSession.php(143): tap(Object(Illuminate/Session/Store), Object(Closure))
#24 F:/My Projects/advanced-analytics-dashboard-laravel12/laravel12-analytics-dashboard/vendor/laravel/framework/src/Illuminate/Session/Middleware/StartSession.php(115): Illuminate/Session/Middleware/StartSession->startSession(Object(Illuminate/Http/Request), Object(Illuminate/Session/Store))
#25 F:/My Projects/advanced-analytics-dashboard-laravel12/laravel12-analytics-dashboard/vendor/laravel/framework/src/Illuminate/Session/Middleware/StartSession.php(63): Illuminate/Session/Middleware/StartSession->handleStatefulRequest(Object(Illuminate/Http/Request), Object(Illuminate/Session/Store), Object(Closure))
#26 F:/My Projects/advanced-analytics-dashboard-laravel12/laravel12-analytics-dashboard/vendor/laravel/framework/src/Illuminate/Pipeline/Pipeline.php(219): Illuminate/Session/Middleware/StartSession->handle(Object(Illuminate/Http/Request), Object(Closure))
#27 F:/My Projects/advanced-analytics-dashboard-laravel12/laravel12-analytics-dashboard/vendor/laravel/framework/src/Illuminate/Cookie/Middleware/AddQueuedCookiesToResponse.php(36): Illuminate/Pipeline/Pipeline->Illuminate/Pipeline/{closure}(Object(Illuminate/Http/Request))
#28 F:/My Projects/advanced-analytics-dashboard-laravel12/laravel12-analytics-dashboard/vendor/laravel/framework/src/Illuminate/Pipeline/Pipeline.php(219): Illuminate/Cookie/Middleware/AddQueuedCookiesToResponse->handle(Object(Illuminate/Http/Request), Object(Closure))
#29 F:/My Projects/advanced-analytics-dashboard-laravel12/laravel12-analytics-dashboard/vendor/laravel/framework/src/Illuminate/Cookie/Middleware/EncryptCookies.php(74): Illuminate/Pipeline/Pipeline->Illuminate/Pipeline/{closure}(Object(Illuminate/Http/Request))
#30 F:/My Projects/advanced-analytics-dashboard-laravel12/laravel12-analytics-dashboard/vendor/laravel/framework/src/Illuminate/Pipeline/Pipeline.php(219): Illuminate/Cookie/Middleware/EncryptCookies->handle(Object(Illuminate/Http/Request), Object(Closure))
#31 F:/My Projects/advanced-analytics-dashboard-laravel12/laravel12-analytics-dashboard/vendor/laravel/framework/src/Illuminate/Pipeline/Pipeline.php(137): Illuminate/Pipeline/Pipeline->Illuminate/Pipeline/{closure}(Object(Illuminate/Http/Request))
#32 F:/My Projects/advanced-analytics-dashboard-laravel12/laravel12-analytics-dashboard/vendor/laravel/framework/src/Illuminate/Routing/Router.php(821): Illuminate/Pipeline/Pipeline->then(Object(Closure))
#33 F:/My Projects/advanced-analytics-dashboard-laravel12/laravel12-analytics-dashboard/vendor/laravel/framework/src/Illuminate/Routing/Router.php(800): Illuminate/Routing/Router->runRouteWithinStack(Object(Illuminate/Routing/Route), Object(Illuminate/Http/Request))
#34 F:/My Projects/advanced-analytics-dashboard-laravel12/laravel12-analytics-dashboard/vendor/laravel/framework/src/Illuminate/Routing/Router.php(764): Illuminate/Routing/Router->runRoute(Object(Illuminate/Http/Request), Object(Illuminate/Routing/Route))
#35 F:/My Projects/advanced-analytics-dashboard-laravel12/laravel12-analytics-dashboard/vendor/laravel/framework/src/Illuminate/Routing/Router.php(753): Illuminate/Routing/Router->dispatchToRoute(Object(Illuminate/Http/Request))
#36 F:/My Projects/advanced-analytics-dashboard-laravel12/laravel12-analytics-dashboard/vendor/laravel/framework/src/Illuminate/Foundation/Http/Kernel.php(200): Illuminate/Routing/Router->dispatch(Object(Illuminate/Http/Request))
#37 F:/My Projects/advanced-analytics-dashboard-laravel12/laravel12-analytics-dashboard/vendor/laravel/framework/src/Illuminate/Pipeline/Pipeline.php(180): Illuminate/Foundation/Http/Kernel->Illuminate/Foundation/Http/{closure}(Object(Illuminate/Http/Request))
#38 F:/My Projects/advanced-analytics-dashboard-laravel12/laravel12-analytics-dashboard/vendor/laravel/framework/src/Illuminate/Foundation/Http/Middleware/TransformsRequest.php(21): Illuminate/Pipeline/Pipeline->Illuminate/Pipeline/{closure}(Object(Illuminate/Http/Request))
#39 F:/My Projects/advanced-analytics-dashboard-laravel12/laravel12-analytics-dashboard/vendor/laravel/framework/src/Illuminate/Foundation/Http/Middleware/ConvertEmptyStringsToNull.php(31): Illuminate/Foundation/Http/Middleware/TransformsRequest->handle(Object(Illuminate/Http/Request), Object(Closure))
#40 F:/My Projects/advanced-analytics-dashboard-laravel12/laravel12-analytics-dashboard/vendor/laravel/framework/src/Illuminate/Pipeline/Pipeline.php(219): Illuminate/Foundation/Http/Middleware/ConvertEmptyStringsToNull->handle(Object(Illuminate/Http/Request), Object(Closure))
#41 F:/My Projects/advanced-analytics-dashboard-laravel12/laravel12-analytics-dashboard/vendor/laravel/framework/src/Illuminate/Foundation/Http/Middleware/TransformsRequest.php(21): Illuminate/Pipeline/Pipeline->Illuminate/Pipeline/{closure}(Object(Illuminate/Http/Request))
#42 F:/My Projects/advanced-analytics-dashboard-laravel12/laravel12-analytics-dashboard/vendor/laravel/framework/src/Illuminate/Foundation/Http/Middleware/TrimStrings.php(51): Illuminate/Foundation/Http/Middleware/TransformsRequest->handle(Object(Illuminate/Http/Request), Object(Closure))
#43 F:/My Projects/advanced-analytics-dashboard-laravel12/laravel12-analytics-dashboard/vendor/laravel/framework/src/Illuminate/Pipeline/Pipeline.php(219): Illuminate/Foundation/Http/Middleware/TrimStrings->handle(Object(Illuminate/Http/Request), Object(Closure))
#44 F:/My Projects/advanced-analytics-dashboard-laravel12/laravel12-analytics-dashboard/vendor/laravel/framework/src/Illuminate/Http/Middleware/ValidatePostSize.php(27): Illuminate/Pipeline/Pipeline->Illuminate/Pipeline/{closure}(Object(Illuminate/Http/Request))
#45 F:/My Projects/advanced-analytics-dashboard-laravel12/laravel12-analytics-dashboard/vendor/laravel/framework/src/Illuminate/Pipeline/Pipeline.php(219): Illuminate/Http/Middleware/ValidatePostSize->handle(Object(Illuminate/Http/Request), Object(Closure))
#46 F:/My Projects/advanced-analytics-dashboard-laravel12/laravel12-analytics-dashboard/vendor/laravel/framework/src/Illuminate/Foundation/Http/Middleware/PreventRequestsDuringMaintenance.php(109): Illuminate/Pipeline/Pipeline->Illuminate/Pipeline/{closure}(Object(Illuminate/Http/Request))
#47 F:/My Projects/advanced-analytics-dashboard-laravel12/laravel12-analytics-dashboard/vendor/laravel/framework/src/Illuminate/Pipeline/Pipeline.php(219): Illuminate/Foundation/Http/Middleware/PreventRequestsDuringMaintenance->handle(Object(Illuminate/Http/Request), Object(Closure))
#48 F:/My Projects/advanced-analytics-dashboard-laravel12/laravel12-analytics-dashboard/vendor/laravel/framework/src/Illuminate/Http/Middleware/HandleCors.php(61): Illuminate/Pipeline/Pipeline->Illuminate/Pipeline/{closure}(Object(Illuminate/Http/Request))
#49 F:/My Projects/advanced-analytics-dashboard-laravel12/laravel12-analytics-dashboard/vendor/laravel/framework/src/Illuminate/Pipeline/Pipeline.php(219): Illuminate/Http/Middleware/HandleCors->handle(Object(Illuminate/Http/Request), Object(Closure))
#50 F:/My Projects/advanced-analytics-dashboard-laravel12/laravel12-analytics-dashboard/vendor/laravel/framework/src/Illuminate/Http/Middleware/TrustProxies.php(58): Illuminate/Pipeline/Pipeline->Illuminate/Pipeline/{closure}(Object(Illuminate/Http/Request))
#51 F:/My Projects/advanced-analytics-dashboard-laravel12/laravel12-analytics-dashboard/vendor/laravel/framework/src/Illuminate/Pipeline/Pipeline.php(219): Illuminate/Http/Middleware/TrustProxies->handle(Object(Illuminate/Http/Request), Object(Closure))
#52 F:/My Projects/advanced-analytics-dashboard-laravel12/laravel12-analytics-dashboard/vendor/laravel/framework/src/Illuminate/Foundation/Http/Middleware/InvokeDeferredCallbacks.php(22): Illuminate/Pipeline/Pipeline->Illuminate/Pipeline/{closure}(Object(Illuminate/Http/Request))
#53 F:/My Projects/advanced-analytics-dashboard-laravel12/laravel12-analytics-dashboard/vendor/laravel/framework/src/Illuminate/Pipeline/Pipeline.php(219): Illuminate/Foundation/Http/Middleware/InvokeDeferredCallbacks->handle(Object(Illuminate/Http/Request), Object(Closure))
#54 F:/My Projects/advanced-analytics-dashboard-laravel12/laravel12-analytics-dashboard/vendor/laravel/framework/src/Illuminate/Http/Middleware/ValidatePathEncoding.php(26): Illuminate/Pipeline/Pipeline->Illuminate/Pipeline/{closure}(Object(Illuminate/Http/Request))
#55 F:/My Projects/advanced-analytics-dashboard-laravel12/laravel12-analytics-dashboard/vendor/laravel/framework/src/Illuminate/Pipeline/Pipeline.php(219): Illuminate/Http/Middleware/ValidatePathEncoding->handle(Object(Illuminate/Http/Request), Object(Closure))
#56 F:/My Projects/advanced-analytics-dashboard-laravel12/laravel12-analytics-dashboard/vendor/laravel/framework/src/Illuminate/Pipeline/Pipeline.php(137): Illuminate/Pipeline/Pipeline->Illuminate/Pipeline/{closure}(Object(Illuminate/Http/Request))
#57 F:/My Projects/advanced-analytics-dashboard-laravel12/laravel12-analytics-dashboard/vendor/laravel/framework/src/Illuminate/Foundation/Http/Kernel.php(175): Illuminate/Pipeline/Pipeline->then(Object(Closure))
#58 F:/My Projects/advanced-analytics-dashboard-laravel12/laravel12-analytics-dashboard/vendor/laravel/framework/src/Illuminate/Foundation/Http/Kernel.php(144): Illuminate/Foundation/Http/Kernel->sendRequestThroughRouter(Object(Illuminate/Http/Request))
#59 F:/My Projects/advanced-analytics-dashboard-laravel12/laravel12-analytics-dashboard/vendor/laravel/framework/src/Illuminate/Foundation/Application.php(1220): Illuminate/Foundation/Http/Kernel->handle(Object(Illuminate/Http/Request))
#60 F:/My Projects/advanced-analytics-dashboard-laravel12/laravel12-analytics-dashboard/public/index.php(6): Illuminate/Foundation/Application->handleRequest(Object(Illuminate/Http/Request))
#61 F:/My Projects/advanced-analytics-dashboard-laravel12/laravel12-analytics-dashboard/vendor/laravel/framework/src/Illuminate/Foundation/resources/server.php(23): require_once('F://My Projects//...')
#62 {main}
"} 
[2026-09-05 13:34:11] local.ERROR: SQLSTATE[42S02]: Base table or view not found: 1146 Table 'laravel.sessions' doesn't exist (Connection: mysql, Host: 127.0.0.1, Port: 3306, Database: laravel, SQL: select * from `sessions` where `id` = XXd6QdAWWRnvOyr9p5loFaj7S7JkbPs2vWgLL3Vn limit 1) {"exception":"[object] (Illuminate\\Database\\QueryException(code: 42S02): SQLSTATE[42S02]: Base table or view not found: 1146 Table 'laravel.sessions' doesn't exist (Connection: mysql, Host: 127.0.0.1, Port: 3306, Database: laravel, SQL: select * from `sessions` where `id` = XXd6QdAWWRnvOyr9p5loFaj7S7JkbPs2vWgLL3Vn limit 1) at F:/My Projects/advanced-analytics-dashboard-laravel12/laravel12-analytics-dashboard/vendor/laravel/framework/src/Illuminate/Database/Connection.php:838)
[stacktrace]
#0 F:/My Projects/advanced-analytics-dashboard-laravel12/laravel12-analytics-dashboard/vendor/laravel/framework/src/Illuminate/Database/Connection.php(794): Illuminate/Database/Connection->runQueryCallback('select * from `...', Array, Object(Closure))
#1 F:/My Projects/advanced-analytics-dashboard-laravel12/laravel12-analytics-dashboard/vendor/laravel/framework/src/Illuminate/Database/Connection.php(411): Illuminate/Database/Connection->run('select * from `...', Array, Object(Closure))
#2 F:/My Projects/advanced-analytics-dashboard-laravel12/laravel12-analytics-dashboard/vendor/laravel/framework/src/Illuminate/Database/Query/Builder.php(3505): Illuminate/Database/Connection->select('select * from `...', Array, false)
#3 F:/My Projects/advanced-analytics-dashboard-laravel12/laravel12-analytics-dashboard/vendor/laravel/framework/src/Illuminate/Database/Query/Builder.php(3490): Illuminate/Database/Query/Builder->runSelect()
#4 F:/My Projects/advanced-analytics-dashboard-laravel12/laravel12-analytics-dashboard/vendor/laravel/framework/src/Illuminate/Database/Query/Builder.php(4080): Illuminate/Database/Query/Builder->Illuminate/Database/Query/{closure}()
#5 F:/My Projects/advanced-analytics-dashboard-laravel12/laravel12-analytics-dashboard/vendor/laravel/framework/src/Illuminate/Database/Query/Builder.php(3489): Illuminate/Database/Query/Builder->onceWithColumns(Array, Object(Closure))
#6 F:/My Projects/advanced-analytics-dashboard-laravel12/laravel12-analytics-dashboard/vendor/laravel/framework/src/Illuminate/Database/Concerns/BuildsQueries.php(366): Illuminate/Database/Query/Builder->get(Array)
#7 F:/My Projects/advanced-analytics-dashboard-laravel12/laravel12-analytics-dashboard/vendor/laravel/framework/src/Illuminate/Database/Query/Builder.php(3412): Illuminate/Database/Query/Builder->first(Array)
#8 F:/My Projects/advanced-analytics-dashboard-laravel12/laravel12-analytics-dashboard/vendor/laravel/framework/src/Illuminate/Session/DatabaseSessionHandler.php(96): Illuminate/Database/Query/Builder->find('XXd6QdAWWRnvOyr...')
#9 F:/My Projects/advanced-analytics-dashboard-laravel12/laravel12-analytics-dashboard/vendor/laravel/framework/src/Illuminate/Session/Store.php(128): Illuminate/Session/DatabaseSessionHandler->read('XXd6QdAWWRnvOyr...')
#10 F:/My Projects/advanced-analytics-dashboard-laravel12/laravel12-analytics-dashboard/vendor/laravel/framework/src/Illuminate/Session/Store.php(116): Illuminate/Session/Store->readFromHandler()
#11 F:/My Projects/advanced-analytics-dashboard-laravel12/laravel12-analytics-dashboard/vendor/laravel/framework/src/Illuminate/Session/Store.php(100): Illuminate/Session/Store->loadSession()
#12 F:/My Projects/advanced-analytics-dashboard-laravel12/laravel12-analytics-dashboard/vendor/laravel/framework/src/Illuminate/Session/Middleware/StartSession.php(146): Illuminate/Session/Store->start()
#13 F:/My Projects/advanced-analytics-dashboard-laravel12/laravel12-analytics-dashboard/vendor/laravel/framework/src/Illuminate/Support/helpers.php(393): Illuminate/Session/Middleware/StartSession->Illuminate/Session/Middleware/{closure}(Object(Illuminate/Session/Store))
#14 F:/My Projects/advanced-analytics-dashboard-laravel12/laravel12-analytics-dashboard/vendor/laravel/framework/src/Illuminate/Session/Middleware/StartSession.php(143): tap(Object(Illuminate/Session/Store), Object(Closure))
#15 F:/My Projects/advanced-analytics-dashboard-laravel12/laravel12-analytics-dashboard/vendor/laravel/framework/src/Illuminate/Session/Middleware/StartSession.php(115): Illuminate/Session/Middleware/StartSession->startSession(Object(Illuminate/Http/Request), Object(Illuminate/Session/Store))
#16 F:/My Projects/advanced-analytics-dashboard-laravel12/laravel12-analytics-dashboard/vendor/laravel/framework/src/Illuminate/Session/Middleware/StartSession.php(63): Illuminate/Session/Middleware/StartSession->handleStatefulRequest(Object(Illuminate/Http/Request), Object(Illuminate/Session/Store), Object(Closure))
#17 F:/My Projects/advanced-analytics-dashboard-laravel12/laravel12-analytics-dashboard/vendor/laravel/framework/src/Illuminate/Pipeline/Pipeline.php(219): Illuminate/Session/Middleware/StartSession->handle(Object(Illuminate/Http/Request), Object(Closure))
#18 F:/My Projects/advanced-analytics-dashboard-laravel12/laravel12-analytics-dashboard/vendor/laravel/framework/src/Illuminate/Cookie/Middleware/AddQueuedCookiesToResponse.php(36): Illuminate/Pipeline/Pipeline->Illuminate/Pipeline/{closure}(Object(Illuminate/Http/Request))
#19 F:/My Projects/advanced-analytics-dashboard-laravel12/laravel12-analytics-dashboard/vendor/laravel/framework/src/Illuminate/Pipeline/Pipeline.php(219): Illuminate/Cookie/Middleware/AddQueuedCookiesToResponse->handle(Object(Illuminate/Http/Request), Object(Closure))
#20 F:/My Projects/advanced-analytics-dashboard-laravel12/laravel12-analytics-dashboard/vendor/laravel/framework/src/Illuminate/Cookie/Middleware/EncryptCookies.php(74): Illuminate/Pipeline/Pipeline->Illuminate/Pipeline/{closure}(Object(Illuminate/Http/Request))
#21 F:/My Projects/advanced-analytics-dashboard-laravel12/laravel12-analytics-dashboard/vendor/laravel/framework/src/Illuminate/Pipeline/Pipeline.php(219): Illuminate/Cookie/Middleware/EncryptCookies->handle(Object(Illuminate/Http/Request), Object(Closure))
#22 F:/My Projects/advanced-analytics-dashboard-laravel12/laravel12-analytics-dashboard/vendor/laravel/framework/src/Illuminate/Pipeline/Pipeline.php(137): Illuminate/Pipeline/Pipeline->Illuminate/Pipeline/{closure}(Object(Illuminate/Http/Request))
#23 F:/My Projects/advanced-analytics-dashboard-laravel12/laravel12-analytics-dashboard/vendor/laravel/framework/src/Illuminate/Routing/Router.php(821): Illuminate/Pipeline/Pipeline->then(Object(Closure))
#24 F:/My Projects/advanced-analytics-dashboard-laravel12/laravel12-analytics-dashboard/vendor/laravel/framework/src/Illuminate/Routing/Router.php(800): Illuminate/Routing/Router->runRouteWithinStack(Object(Illuminate/Routing/Route), Object(Illuminate/Http/Request))
#25 F:/My Projects/advanced-analytics-dashboard-laravel12/laravel12-analytics-dashboard/vendor/laravel/framework/src/Illuminate/Routing/Router.php(764): Illuminate/Routing/Router->runRoute(Object(Illuminate/Http/Request), Object(Illuminate/Routing/Route))
#26 F:/My Projects/advanced-analytics-dashboard-laravel12/laravel12-analytics-dashboard/vendor/laravel/framework/src/Illuminate/Routing/Router.php(753): Illuminate/Routing/Router->dispatchToRoute(Object(Illuminate/Http/Request))
#27 F:/My Projects/advanced-analytics-dashboard-laravel12/laravel12-analytics-dashboard/vendor/laravel/framework/src/Illuminate/Foundation/Http/Kernel.php(200): Illuminate/Routing/Router->dispatch(Object(Illuminate/Http/Request))
#28 F:/My Projects/advanced-analytics-dashboard-laravel12/laravel12-analytics-dashboard/vendor/laravel/framework/src/Illuminate/Pipeline/Pipeline.php(180): Illuminate/Foundation/Http/Kernel->Illuminate/Foundation/Http/{closure}(Object(Illuminate/Http/Request))
#29 F:/My Projects/advanced-analytics-dashboard-laravel12/laravel12-analytics-dashboard/vendor/laravel/framework/src/Illuminate/Foundation/Http/Middleware/TransformsRequest.php(21): Illuminate/Pipeline/Pipeline->Illuminate/Pipeline/{closure}(Object(Illuminate/Http/Request))
#30 F:/My Projects/advanced-analytics-dashboard-laravel12/laravel12-analytics-dashboard/vendor/laravel/framework/src/Illuminate/Foundation/Http/Middleware/ConvertEmptyStringsToNull.php(31): Illuminate/Foundation/Http/Middleware/TransformsRequest->handle(Object(Illuminate/Http/Request), Object(Closure))
#31 F:/My Projects/advanced-analytics-dashboard-laravel12/laravel12-analytics-dashboard/vendor/laravel/framework/src/Illuminate/Pipeline/Pipeline.php(219): Illuminate/Foundation/Http/Middleware/ConvertEmptyStringsToNull->handle(Object(Illuminate/Http/Request), Object(Closure))
#32 F:/My Projects/advanced-analytics-dashboard-laravel12/laravel12-analytics-dashboard/vendor/laravel/framework/src/Illuminate/Foundation/Http/Middleware/TransformsRequest.php(21): Illuminate/Pipeline/Pipeline->Illuminate/Pipeline/{closure}(Object(Illuminate/Http/Request))
#33 F:/My Projects/advanced-analytics-dashboard-laravel12/laravel12-analytics-dashboard/vendor/laravel/framework/src/Illuminate/Foundation/Http/Middleware/TrimStrings.php(51): Illuminate/Foundation/Http/Middleware/TransformsRequest->handle(Object(Illuminate/Http/Request), Object(Closure))
#34 F:/My Projects/advanced-analytics-dashboard-laravel12/laravel12-analytics-dashboard/vendor/laravel/framework/src/Illuminate/Pipeline/Pipeline.php(219): Illuminate/Foundation/Http/Middleware/TrimStrings->handle(Object(Illuminate/Http/Request), Object(Closure))
#35 F:/My Projects/advanced-analytics-dashboard-laravel12/laravel12-analytics-dashboard/vendor/laravel/framework/src/Illuminate/Http/Middleware/ValidatePostSize.php(27): Illuminate/Pipeline/Pipeline->Illuminate/Pipeline/{closure}(Object(Illuminate/Http/Request))
#36 F:/My Projects/advanced-analytics-dashboard-laravel12/laravel12-analytics-dashboard/vendor/laravel/framework/src/Illuminate/Pipeline/Pipeline.php(219): Illuminate/Http/Middleware/ValidatePostSize->handle(Object(Illuminate/Http/Request), Object(Closure))
#37 F:/My Projects/advanced-analytics-dashboard-laravel12/laravel12-analytics-dashboard/vendor/laravel/framework/src/Illuminate/Foundation/Http/Middleware/PreventRequestsDuringMaintenance.php(109): Illuminate/Pipeline/Pipeline->Illuminate/Pipeline/{closure}(Object(Illuminate/Http/Request))
#38 F:/My Projects/advanced-analytics-dashboard-laravel12/laravel12-analytics-dashboard/vendor/laravel/framework/src/Illuminate/Pipeline/Pipeline.php(219): Illuminate/Foundation/Http/Middleware/PreventRequestsDuringMaintenance->handle(Object(Illuminate/Http/Request), Object(Closure))
#39 F:/My Projects/advanced-analytics-dashboard-laravel12/laravel12-analytics-dashboard/vendor/laravel/framework/src/Illuminate/Http/Middleware/HandleCors.php(61): Illuminate/Pipeline/Pipeline->Illuminate/Pipeline/{closure}(Object(Illuminate/Http/Request))
#40 F:/My Projects/advanced-analytics-dashboard-laravel12/laravel12-analytics-dashboard/vendor/laravel/framework/src/Illuminate/Pipeline/Pipeline.php(219): Illuminate/Http/Middleware/HandleCors->handle(Object(Illuminate/Http/Request), Object(Closure))
#41 F:/My Projects/advanced-analytics-dashboard-laravel12/laravel12-analytics-dashboard/vendor/laravel/framework/src/Illuminate/Http/Middleware/TrustProxies.php(58): Illuminate/Pipeline/Pipeline->Illuminate/Pipeline/{closure}(Object(Illuminate/Http/Request))
#42 F:/My Projects/advanced-analytics-dashboard-laravel12/laravel12-analytics-dashboard/vendor/laravel/framework/src/Illuminate/Pipeline/Pipeline.php(219): Illuminate/Http/Middleware/TrustProxies->handle(Object(Illuminate/Http/Request), Object(Closure))
#43 F:/My Projects/advanced-analytics-dashboard-laravel12/laravel12-analytics-dashboard/vendor/laravel/framework/src/Illuminate/Foundation/Http/Middleware/InvokeDeferredCallbacks.php(22): Illuminate/Pipeline/Pipeline->Illuminate/Pipeline/{closure}(Object(Illuminate/Http/Request))
#44 F:/My Projects/advanced-analytics-dashboard-laravel12/laravel12-analytics-dashboard/vendor/laravel/framework/src/Illuminate/Pipeline/Pipeline.php(219): Illuminate/Foundation/Http/Middleware/InvokeDeferredCallbacks->handle(Object(Illuminate/Http/Request), Object(Closure))
#45 F:/My Projects/advanced-analytics-dashboard-laravel12/laravel12-analytics-dashboard/vendor/laravel/framework/src/Illuminate/Http/Middleware/ValidatePathEncoding.php(26): Illuminate/Pipeline/Pipeline->Illuminate/Pipeline/{closure}(Object(Illuminate/Http/Request))
#46 F:/My Projects/advanced-analytics-dashboard-laravel12/laravel12-analytics-dashboard/vendor/laravel/framework/src/Illuminate/Pipeline/Pipeline.php(219): Illuminate/Http/Middleware/ValidatePathEncoding->handle(Object(Illuminate/Http/Request), Object(Closure))
#47 F:/My Projects/advanced-analytics-dashboard-laravel12/laravel12-analytics-dashboard/vendor/laravel/framework/src/Illuminate/Pipeline/Pipeline.php(137): Illuminate/Pipeline/Pipeline->Illuminate/Pipeline/{closure}(Object(Illuminate/Http/Request))
#48 F:/My Projects/advanced-analytics-dashboard-laravel12/laravel12-analytics-dashboard/vendor/laravel/framework/src/Illuminate/Foundation/Http/Kernel.php(175): Illuminate/Pipeline/Pipeline->then(Object(Closure))
#49 F:/My Projects/advanced-analytics-dashboard-laravel12/laravel12-analytics-dashboard/vendor/laravel/framework/src/Illuminate/Foundation/Http/Kernel.php(144): Illuminate/Foundation/Http/Kernel->sendRequestThroughRouter(Object(Illuminate/Http/Request))
#50 F:/My Projects/advanced-analytics-dashboard-laravel12/laravel12-analytics-dashboard/vendor/laravel/framework/src/Illuminate/Foundation/Application.php(1220): Illuminate/Foundation/Http/Kernel->handle(Object(Illuminate/Http/Request))
#51 F:/My Projects/advanced-analytics-dashboard-laravel12/laravel12-analytics-dashboard/public/index.php(6): Illuminate/Foundation/Application->handleRequest(Object(Illuminate/Http/Request))
#52 F:/My Projects/advanced-analytics-dashboard-laravel12/laravel12-analytics-dashboard/vendor/laravel/framework/src/Illuminate/Foundation/resources/server.php(23): require_once('F://My Projects//...')
#53 {main}

[previous exception] [object] (PDOException(code: 42S02): SQLSTATE[42S02]: Base table or view not found: 1146 Table 'laravel.sessions' doesn't exist at F:/My Projects/advanced-analytics-dashboard-laravel12/laravel12-analytics-dashboard/vendor/laravel/framework/src/Illuminate/Database/Connection.php:420)
[stacktrace]
#0 F:/My Projects/advanced-analytics-dashboard-laravel12/laravel12-analytics-dashboard/vendor/laravel/framework/src/Illuminate/Database/Connection.php(420): PDO->prepare('select * from `...')
#1 F:/My Projects/advanced-analytics-dashboard-laravel12/laravel12-analytics-dashboard/vendor/laravel/framework/src/Illuminate/Database/Connection.php(827): Illuminate/Database/Connection->Illuminate/Database/{closure}('select * from `...', Array)
#2 F:/My Projects/advanced-analytics-dashboard-laravel12/laravel12-analytics-dashboard/vendor/laravel/framework/src/Illuminate/Database/Connection.php(794): Illuminate/Database/Connection->runQueryCallback('select * from `...', Array, Object(Closure))
#3 F:/My Projects/advanced-analytics-dashboard-laravel12/laravel12-analytics-dashboard/vendor/laravel/framework/src/Illuminate/Database/Connection.php(411): Illuminate/Database/Connection->run('select * from `...', Array, Object(Closure))
#4 F:/My Projects/advanced-analytics-dashboard-laravel12/laravel12-analytics-dashboard/vendor/laravel/framework/src/Illuminate/Database/Query/Builder.php(3505): Illuminate/Database/Connection->select('select * from `...', Array, false)
#5 F:/My Projects/advanced-analytics-dashboard-laravel12/laravel12-analytics-dashboard/vendor/laravel/framework/src/Illuminate/Database/Query/Builder.php(3490): Illuminate/Database/Query/Builder->runSelect()
#6 F:/My Projects/advanced-analytics-dashboard-laravel12/laravel12-analytics-dashboard/vendor/laravel/framework/src/Illuminate/Database/Query/Builder.php(4080): Illuminate/Database/Query/Builder->Illuminate/Database/Query/{closure}()
#7 F:/My Projects/advanced-analytics-dashboard-laravel12/laravel12-analytics-dashboard/vendor/laravel/framework/src/Illuminate/Database/Query/Builder.php(3489): Illuminate/Database/Query/Builder->onceWithColumns(Array, Object(Closure))
#8 F:/My Projects/advanced-analytics-dashboard-laravel12/laravel12-analytics-dashboard/vendor/laravel/framework/src/Illuminate/Database/Concerns/BuildsQueries.php(366): Illuminate/Database/Query/Builder->get(Array)
#9 F:/My Projects/advanced-analytics-dashboard-laravel12/laravel12-analytics-dashboard/vendor/laravel/framework/src/Illuminate/Database/Query/Builder.php(3412): Illuminate/Database/Query/Builder->first(Array)
#10 F:/My Projects/advanced-analytics-dashboard-laravel12/laravel12-analytics-dashboard/vendor/laravel/framework/src/Illuminate/Session/DatabaseSessionHandler.php(96): Illuminate/Database/Query/Builder->find('XXd6QdAWWRnvOyr...')
#11 F:/My Projects/advanced-analytics-dashboard-laravel12/laravel12-analytics-dashboard/vendor/laravel/framework/src/Illuminate/Session/Store.php(128): Illuminate/Session/DatabaseSessionHandler->read('XXd6QdAWWRnvOyr...')
#12 F:/My Projects/advanced-analytics-dashboard-laravel12/laravel12-analytics-dashboard/vendor/laravel/framework/src/Illuminate/Session/Store.php(116): Illuminate/Session/Store->readFromHandler()
#13 F:/My Projects/advanced-analytics-dashboard-laravel12/laravel12-analytics-dashboard/vendor/laravel/framework/src/Illuminate/Session/Store.php(100): Illuminate/Session/Store->loadSession()
#14 F:/My Projects/advanced-analytics-dashboard-laravel12/laravel12-analytics-dashboard/vendor/laravel/framework/src/Illuminate/Session/Middleware/StartSession.php(146): Illuminate/Session/Store->start()
#15 F:/My Projects/advanced-analytics-dashboard-laravel12/laravel12-analytics-dashboard/vendor/laravel/framework/src/Illuminate/Support/helpers.php(393): Illuminate/Session/Middleware/StartSession->Illuminate/Session/Middleware/{closure}(Object(Illuminate/Session/Store))
#16 F:/My Projects/advanced-analytics-dashboard-laravel12/laravel12-analytics-dashboard/vendor/laravel/framework/src/Illuminate/Session/Middleware/StartSession.php(143): tap(Object(Illuminate/Session/Store), Object(Closure))
#17 F:/My Projects/advanced-analytics-dashboard-laravel12/laravel12-analytics-dashboard/vendor/laravel/framework/src/Illuminate/Session/Middleware/StartSession.php(115): Illuminate/Session/Middleware/StartSession->startSession(Object(Illuminate/Http/Request), Object(Illuminate/Session/Store))
#18 F:/My Projects/advanced-analytics-dashboard-laravel12/laravel12-analytics-dashboard/vendor/laravel/framework/src/Illuminate/Session/Middleware/StartSession.php(63): Illuminate/Session/Middleware/StartSession->handleStatefulRequest(Object(Illuminate/Http/Request), Object(Illuminate/Session/Store), Object(Closure))
#19 F:/My Projects/advanced-analytics-dashboard-laravel12/laravel12-analytics-dashboard/vendor/laravel/framework/src/Illuminate/Pipeline/Pipeline.php(219): Illuminate/Session/Middleware/StartSession->handle(Object(Illuminate/Http/Request), Object(Closure))
#20 F:/My Projects/advanced-analytics-dashboard-laravel12/laravel12-analytics-dashboard/vendor/laravel/framework/src/Illuminate/Cookie/Middleware/AddQueuedCookiesToResponse.php(36): Illuminate/Pipeline/Pipeline->Illuminate/Pipeline/{closure}(Object(Illuminate/Http/Request))
#21 F:/My Projects/advanced-analytics-dashboard-laravel12/laravel12-analytics-dashboard/vendor/laravel/framework/src/Illuminate/Pipeline/Pipeline.php(219): Illuminate/Cookie/Middleware/AddQueuedCookiesToResponse->handle(Object(Illuminate/Http/Request), Object(Closure))
#22 F:/My Projects/advanced-analytics-dashboard-laravel12/laravel12-analytics-dashboard/vendor/laravel/framework/src/Illuminate/Cookie/Middleware/EncryptCookies.php(74): Illuminate/Pipeline/Pipeline->Illuminate/Pipeline/{closure}(Object(Illuminate/Http/Request))
#23 F:/My Projects/advanced-analytics-dashboard-laravel12/laravel12-analytics-dashboard/vendor/laravel/framework/src/Illuminate/Pipeline/Pipeline.php(219): Illuminate/Cookie/Middleware/EncryptCookies->handle(Object(Illuminate/Http/Request), Object(Closure))
#24 F:/My Projects/advanced-analytics-dashboard-laravel12/laravel12-analytics-dashboard/vendor/laravel/framework/src/Illuminate/Pipeline/Pipeline.php(137): Illuminate/Pipeline/Pipeline->Illuminate/Pipeline/{closure}(Object(Illuminate/Http/Request))
#25 F:/My Projects/advanced-analytics-dashboard-laravel12/laravel12-analytics-dashboard/vendor/laravel/framework/src/Illuminate/Routing/Router.php(821): Illuminate/Pipeline/Pipeline->then(Object(Closure))
#26 F:/My Projects/advanced-analytics-dashboard-laravel12/laravel12-analytics-dashboard/vendor/laravel/framework/src/Illuminate/Routing/Router.php(800): Illuminate/Routing/Router->runRouteWithinStack(Object(Illuminate/Routing/Route), Object(Illuminate/Http/Request))
#27 F:/My Projects/advanced-analytics-dashboard-laravel12/laravel12-analytics-dashboard/vendor/laravel/framework/src/Illuminate/Routing/Router.php(764): Illuminate/Routing/Router->runRoute(Object(Illuminate/Http/Request), Object(Illuminate/Routing/Route))
#28 F:/My Projects/advanced-analytics-dashboard-laravel12/laravel12-analytics-dashboard/vendor/laravel/framework/src/Illuminate/Routing/Router.php(753): Illuminate/Routing/Router->dispatchToRoute(Object(Illuminate/Http/Request))
#29 F:/My Projects/advanced-analytics-dashboard-laravel12/laravel12-analytics-dashboard/vendor/laravel/framework/src/Illuminate/Foundation/Http/Kernel.php(200): Illuminate/Routing/Router->dispatch(Object(Illuminate/Http/Request))
#30 F:/My Projects/advanced-analytics-dashboard-laravel12/laravel12-analytics-dashboard/vendor/laravel/framework/src/Illuminate/Pipeline/Pipeline.php(180): Illuminate/Foundation/Http/Kernel->Illuminate/Foundation/Http/{closure}(Object(Illuminate/Http/Request))
#31 F:/My Projects/advanced-analytics-dashboard-laravel12/laravel12-analytics-dashboard/vendor/laravel/framework/src/Illuminate/Foundation/Http/Middleware/TransformsRequest.php(21): Illuminate/Pipeline/Pipeline->Illuminate/Pipeline/{closure}(Object(Illuminate/Http/Request))
#32 F:/My Projects/advanced-analytics-dashboard-laravel12/laravel12-analytics-dashboard/vendor/laravel/framework/src/Illuminate/Foundation/Http/Middleware/ConvertEmptyStringsToNull.php(31): Illuminate/Foundation/Http/Middleware/TransformsRequest->handle(Object(Illuminate/Http/Request), Object(Closure))
#33 F:/My Projects/advanced-analytics-dashboard-laravel12/laravel12-analytics-dashboard/vendor/laravel/framework/src/Illuminate/Pipeline/Pipeline.php(219): Illuminate/Foundation/Http/Middleware/ConvertEmptyStringsToNull->handle(Object(Illuminate/Http/Request), Object(Closure))
#34 F:/My Projects/advanced-analytics-dashboard-laravel12/laravel12-analytics-dashboard/vendor/laravel/framework/src/Illuminate/Foundation/Http/Middleware/TransformsRequest.php(21): Illuminate/Pipeline/Pipeline->Illuminate/Pipeline/{closure}(Object(Illuminate/Http/Request))
#35 F:/My Projects/advanced-analytics-dashboard-laravel12/laravel12-analytics-dashboard/vendor/laravel/framework/src/Illuminate/Foundation/Http/Middleware/TrimStrings.php(51): Illuminate/Foundation/Http/Middleware/TransformsRequest->handle(Object(Illuminate/Http/Request), Object(Closure))
#36 F:/My Projects/advanced-analytics-dashboard-laravel12/laravel12-analytics-dashboard/vendor/laravel/framework/src/Illuminate/Pipeline/Pipeline.php(219): Illuminate/Foundation/Http/Middleware/TrimStrings->handle(Object(Illuminate/Http/Request), Object(Closure))
#37 F:/My Projects/advanced-analytics-dashboard-laravel12/laravel12-analytics-dashboard/vendor/laravel/framework/src/Illuminate/Http/Middleware/ValidatePostSize.php(27): Illuminate/Pipeline/Pipeline->Illuminate/Pipeline/{closure}(Object(Illuminate/Http/Request))
#38 F:/My Projects/advanced-analytics-dashboard-laravel12/laravel12-analytics-dashboard/vendor/laravel/framework/src/Illuminate/Pipeline/Pipeline.php(219): Illuminate/Http/Middleware/ValidatePostSize->handle(Object(Illuminate/Http/Request), Object(Closure))
#39 F:/My Projects/advanced-analytics-dashboard-laravel12/laravel12-analytics-dashboard/vendor/laravel/framework/src/Illuminate/Foundation/Http/Middleware/PreventRequestsDuringMaintenance.php(109): Illuminate/Pipeline/Pipeline->Illuminate/Pipeline/{closure}(Object(Illuminate/Http/Request))
#40 F:/My Projects/advanced-analytics-dashboard-laravel12/laravel12-analytics-dashboard/vendor/laravel/framework/src/Illuminate/Pipeline/Pipeline.php(219): Illuminate/Foundation/Http/Middleware/PreventRequestsDuringMaintenance->handle(Object(Illuminate/Http/Request), Object(Closure))
#41 F:/My Projects/advanced-analytics-dashboard-laravel12/laravel12-analytics-dashboard/vendor/laravel/framework/src/Illuminate/Http/Middleware/HandleCors.php(61): Illuminate/Pipeline/Pipeline->Illuminate/Pipeline/{closure}(Object(Illuminate/Http/Request))
#42 F:/My Projects/advanced-analytics-dashboard-laravel12/laravel12-analytics-dashboard/vendor/laravel/framework/src/Illuminate/Pipeline/Pipeline.php(219): Illuminate/Http/Middleware/HandleCors->handle(Object(Illuminate/Http/Request), Object(Closure))
#43 F:/My Projects/advanced-analytics-dashboard-laravel12/laravel12-analytics-dashboard/vendor/laravel/framework/src/Illuminate/Http/Middleware/TrustProxies.php(58): Illuminate/Pipeline/Pipeline->Illuminate/Pipeline/{closure}(Object(Illuminate/Http/Request))
#44 F:/My Projects/advanced-analytics-dashboard-laravel12/laravel12-analytics-dashboard/vendor/laravel/framework/src/Illuminate/Pipeline/Pipeline.php(219): Illuminate/Http/Middleware/TrustProxies->handle(Object(Illuminate/Http/Request), Object(Closure))
#45 F:/My Projects/advanced-analytics-dashboard-laravel12/laravel12-analytics-dashboard/vendor/laravel/framework/src/Illuminate/Foundation/Http/Middleware/InvokeDeferredCallbacks.php(22): Illuminate/Pipeline/Pipeline->Illuminate/Pipeline/{closure}(Object(Illuminate/Http/Request))
#46 F:/My Projects/advanced-analytics-dashboard-laravel12/laravel12-analytics-dashboard/vendor/laravel/framework/src/Illuminate/Pipeline/Pipeline.php(219): Illuminate/Foundation/Http/Middleware/InvokeDeferredCallbacks->handle(Object(Illuminate/Http/Request), Object(Closure))
#47 F:/My Projects/advanced-analytics-dashboard-laravel12/laravel12-analytics-dashboard/vendor/laravel/framework/src/Illuminate/Http/Middleware/ValidatePathEncoding.php(26): Illuminate/Pipeline/Pipeline->Illuminate/Pipeline/{closure}(Object(Illuminate/Http/Request))
#48 F:/My Projects/advanced-analytics-dashboard-laravel12/laravel12-analytics-dashboard/vendor/laravel/framework/src/Illuminate/Pipeline/Pipeline.php(219): Illuminate/Http/Middleware/ValidatePathEncoding->handle(Object(Illuminate/Http/Request), Object(Closure))
#49 F:/My Projects/advanced-analytics-dashboard-laravel12/laravel12-analytics-dashboard/vendor/laravel/framework/src/Illuminate/Pipeline/Pipeline.php(137): Illuminate/Pipeline/Pipeline->Illuminate/Pipeline/{closure}(Object(Illuminate/Http/Request))
#50 F:/My Projects/advanced-analytics-dashboard-laravel12/laravel12-analytics-dashboard/vendor/laravel/framework/src/Illuminate/Foundation/Http/Kernel.php(175): Illuminate/Pipeline/Pipeline->then(Object(Closure))
#51 F:/My Projects/advanced-analytics-dashboard-laravel12/laravel12-analytics-dashboard/vendor/laravel/framework/src/Illuminate/Foundation/Http/Kernel.php(144): Illuminate/Foundation/Http/Kernel->sendRequestThroughRouter(Object(Illuminate/Http/Request))
#52 F:/My Projects/advanced-analytics-dashboard-laravel12/laravel12-analytics-dashboard/vendor/laravel/framework/src/Illuminate/Foundation/Application.php(1220): Illuminate/Foundation/Http/Kernel->handle(Object(Illuminate/Http/Request))
#53 F:/My Projects/advanced-analytics-dashboard-laravel12/laravel12-analytics-dashboard/public/index.php(6): Illuminate/Foundation/Application->handleRequest(Object(Illuminate/Http/Request))
#54 F:/My Projects/advanced-analytics-dashboard-laravel12/laravel12-analytics-dashboard/vendor/laravel/framework/src/Illuminate/Foundation/resources/server.php(23): require_once('F://My Projects//...')
#55 {main}
"} 
